-- 1. Заполнить все таблицы БД vk данными (по 10-100 записей в каждой таблице)


-- Generation time: Sat, 02 Jan 2021 14:42:20 +0000
-- Host: mysql.hostinger.ro
-- DB name: u574849695_25
/*!40030 SET NAMES UTF8 */;
/*!40101 SET @OLD_CHARACTER_SET_CLIENT=@@CHARACTER_SET_CLIENT */;
/*!40101 SET @OLD_CHARACTER_SET_RESULTS=@@CHARACTER_SET_RESULTS */;
/*!40101 SET @OLD_COLLATION_CONNECTION=@@COLLATION_CONNECTION */;
/*!40103 SET @OLD_TIME_ZONE=@@TIME_ZONE */;
/*!40103 SET TIME_ZONE='+00:00' */;
/*!40014 SET @OLD_UNIQUE_CHECKS=@@UNIQUE_CHECKS, UNIQUE_CHECKS=0 */;
/*!40014 SET @OLD_FOREIGN_KEY_CHECKS=@@FOREIGN_KEY_CHECKS, FOREIGN_KEY_CHECKS=0 */;
/*!40101 SET @OLD_SQL_MODE=@@SQL_MODE, SQL_MODE='NO_AUTO_VALUE_ON_ZERO' */;
/*!40111 SET @OLD_SQL_NOTES=@@SQL_NOTES, SQL_NOTES=0 */;

DROP TABLE IF EXISTS `communities`;
CREATE TABLE `communities` (
  `id` bigint(20) unsigned NOT NULL AUTO_INCREMENT,
  `name` varchar(150) COLLATE utf8_unicode_ci DEFAULT NULL,
  `admin_user_id` bigint(20) unsigned NOT NULL,
  UNIQUE KEY `id` (`id`),
  KEY `communities_name_idx` (`name`),
  KEY `admin_user_id` (`admin_user_id`),
  CONSTRAINT `communities_ibfk_1` FOREIGN KEY (`admin_user_id`) REFERENCES `users` (`id`)
) ENGINE=InnoDB AUTO_INCREMENT=101 DEFAULT CHARSET=utf8 COLLATE=utf8_unicode_ci;

INSERT INTO `communities` VALUES ('1','laboriosam','1'),
('2','possimus','2'),
('3','eos','3'),
('4','et','4'),
('5','optio','5'),
('6','quia','6'),
('7','maiores','7'),
('8','laborum','8'),
('9','quibusdam','9'),
('10','hic','10'),
('11','ipsum','11'),
('12','blanditiis','12'),
('13','officiis','13'),
('14','ducimus','14'),
('15','consequatur','15'),
('16','asperiores','16'),
('17','voluptatem','17'),
('18','et','18'),
('19','perspiciatis','19'),
('20','modi','20'),
('21','nam','21'),
('22','cum','22'),
('23','et','23'),
('24','facilis','24'),
('25','in','25'),
('26','quidem','26'),
('27','dolorem','27'),
('28','et','28'),
('29','qui','29'),
('30','iste','30'),
('31','quidem','31'),
('32','ea','32'),
('33','illum','33'),
('34','et','34'),
('35','voluptatem','35'),
('36','veritatis','36'),
('37','sed','37'),
('38','hic','38'),
('39','totam','39'),
('40','quia','40'),
('41','omnis','41'),
('42','suscipit','42'),
('43','asperiores','43'),
('44','ducimus','44'),
('45','ut','45'),
('46','enim','46'),
('47','qui','47'),
('48','id','48'),
('49','rerum','49'),
('50','sed','50'),
('51','beatae','51'),
('52','corrupti','52'),
('53','magnam','53'),
('54','veniam','54'),
('55','qui','55'),
('56','occaecati','56'),
('57','alias','57'),
('58','repudiandae','58'),
('59','temporibus','59'),
('60','animi','60'),
('61','facere','61'),
('62','voluptatem','62'),
('63','est','63'),
('64','repellendus','64'),
('65','qui','65'),
('66','deleniti','66'),
('67','assumenda','67'),
('68','saepe','68'),
('69','id','69'),
('70','ut','70'),
('71','modi','71'),
('72','est','72'),
('73','veniam','73'),
('74','debitis','74'),
('75','et','75'),
('76','est','76'),
('77','accusantium','77'),
('78','alias','78'),
('79','ipsam','79'),
('80','eveniet','80'),
('81','vero','81'),
('82','provident','82'),
('83','aut','83'),
('84','sed','84'),
('85','porro','85'),
('86','temporibus','86'),
('87','reprehenderit','87'),
('88','quis','88'),
('89','et','89'),
('90','repellendus','90'),
('91','vitae','91'),
('92','voluptas','92'),
('93','quas','93'),
('94','velit','94'),
('95','minus','95'),
('96','atque','96'),
('97','quasi','97'),
('98','nihil','98'),
('99','exercitationem','99'),
('100','qui','100'); 


DROP TABLE IF EXISTS `friend_requests`;
CREATE TABLE `friend_requests` (
  `initiator_user_id` bigint(20) unsigned NOT NULL,
  `target_user_id` bigint(20) unsigned NOT NULL,
  `status` enum('requested','approved','declined','unfriended') COLLATE utf8_unicode_ci DEFAULT NULL,
  `requested_at` datetime DEFAULT current_timestamp(),
  `updated_at` datetime DEFAULT NULL ON UPDATE current_timestamp(),
  PRIMARY KEY (`initiator_user_id`,`target_user_id`),
  KEY `target_user_id` (`target_user_id`),
  CONSTRAINT `friend_requests_ibfk_1` FOREIGN KEY (`initiator_user_id`) REFERENCES `users` (`id`),
  CONSTRAINT `friend_requests_ibfk_2` FOREIGN KEY (`target_user_id`) REFERENCES `users` (`id`)
) ENGINE=InnoDB DEFAULT CHARSET=utf8 COLLATE=utf8_unicode_ci;

INSERT INTO `friend_requests` VALUES ('1','1','declined','1979-05-22 04:42:22','1971-11-02 16:23:50'),
('2','2','approved','2016-10-25 09:31:59','1989-11-06 06:26:44'),
('3','3','declined','2009-01-08 10:09:51','1998-06-18 10:14:07'),
('4','4','requested','2009-02-20 02:46:24','1972-12-23 04:33:14'),
('5','5','unfriended','2017-08-26 22:37:56','2019-09-27 15:35:35'),
('6','6','requested','2015-03-23 01:53:42','1971-05-18 01:13:14'),
('7','7','unfriended','1994-09-11 03:42:12','1990-06-06 16:20:04'),
('8','8','approved','1986-02-17 14:27:47','2018-07-14 11:33:32'),
('9','9','approved','1993-11-06 17:57:41','1979-09-19 02:13:43'),
('10','10','approved','1984-01-24 15:52:08','2005-08-29 16:39:09'),
('11','11','requested','2017-07-06 23:23:26','1996-07-11 16:40:28'),
('12','12','approved','2008-03-05 07:51:17','2014-05-13 16:37:58'),
('13','13','unfriended','1973-02-26 07:50:43','2011-01-22 22:09:28'),
('14','14','unfriended','2006-10-12 07:29:16','1994-07-21 13:47:04'),
('15','15','declined','1977-12-26 17:02:44','2018-04-02 18:28:01'),
('16','16','declined','1986-11-01 17:44:41','2005-03-06 02:51:27'),
('17','17','requested','2006-06-15 14:17:37','1998-02-06 06:01:53'),
('18','18','requested','1976-02-16 16:46:48','1980-02-22 08:12:06'),
('19','19','unfriended','2009-09-13 09:36:20','2014-04-30 17:18:36'),
('20','20','declined','1973-04-18 15:16:14','2020-03-27 22:01:38'),
('21','21','unfriended','2013-07-02 13:43:31','2007-08-30 22:13:57'),
('22','22','declined','2007-06-29 09:48:21','2016-04-21 23:53:11'),
('23','23','requested','1998-05-11 10:09:21','1992-04-30 00:28:04'),
('24','24','requested','1992-10-24 08:31:33','1972-07-09 14:51:04'),
('25','25','approved','1991-05-20 09:49:19','2001-07-20 12:27:20'),
('26','26','approved','1977-02-17 20:29:24','2004-10-04 08:09:21'),
('27','27','declined','2000-02-02 22:42:31','2016-04-09 09:49:09'),
('28','28','requested','2000-06-06 12:26:20','1977-01-01 12:59:29'),
('29','29','unfriended','2012-02-29 00:56:51','2001-09-20 21:25:19'),
('30','30','requested','1981-09-13 19:27:32','1995-08-17 06:53:57'),
('31','31','approved','1994-07-21 10:30:24','2002-05-20 11:48:18'),
('32','32','declined','1995-11-24 20:15:43','2017-07-15 17:55:12'),
('33','33','declined','2015-04-30 14:50:18','1989-06-13 15:32:23'),
('34','34','requested','1985-06-11 08:12:01','1997-02-15 01:33:17'),
('35','35','declined','1978-08-01 04:37:59','1992-01-22 09:38:33'),
('36','36','declined','1971-01-04 16:17:07','2009-06-05 01:11:31'),
('37','37','unfriended','1993-11-29 23:00:47','1981-01-16 01:58:35'),
('38','38','unfriended','1975-09-11 11:28:18','1989-05-19 00:11:16'),
('39','39','unfriended','2001-04-18 04:38:40','1979-12-23 07:42:21'),
('40','40','approved','2004-01-20 05:42:49','2010-09-29 11:10:28'),
('41','41','unfriended','2008-12-14 22:08:23','1993-01-10 15:04:59'),
('42','42','declined','1974-04-25 07:55:55','1986-12-12 15:21:18'),
('43','43','declined','2017-07-05 03:46:36','2007-04-22 19:13:11'),
('44','44','unfriended','1973-03-03 22:39:48','1979-07-19 20:37:25'),
('45','45','declined','2019-07-03 18:50:46','1979-09-17 02:29:45'),
('46','46','approved','2020-07-19 22:06:04','2001-05-12 09:06:56'),
('47','47','unfriended','1993-10-17 02:10:49','1981-04-19 17:50:17'),
('48','48','requested','1990-06-26 15:57:41','1995-11-08 10:14:41'),
('49','49','unfriended','1978-08-15 01:49:00','1970-12-17 09:46:17'),
('50','50','approved','1991-01-10 19:08:01','1993-12-07 12:08:43'),
('51','51','declined','2002-12-04 03:37:43','1977-07-22 09:19:16'),
('52','52','approved','1978-10-14 10:45:38','2010-04-08 23:16:23'),
('53','53','approved','1981-02-09 11:50:35','1999-12-04 09:36:25'),
('54','54','declined','1980-01-28 22:58:48','1977-07-14 16:22:45'),
('55','55','requested','2015-04-29 16:28:31','1995-06-03 19:16:49'),
('56','56','approved','2019-07-13 05:10:02','1991-09-06 17:49:00'),
('57','57','unfriended','1985-10-19 11:02:56','2018-11-14 01:43:32'),
('58','58','unfriended','2003-08-14 16:30:53','2003-01-27 03:26:25'),
('59','59','requested','1998-03-16 05:30:51','1978-05-27 04:45:02'),
('60','60','unfriended','1987-09-26 00:21:32','1979-02-04 16:02:12'),
('61','61','requested','1992-10-20 21:23:43','1981-04-13 17:08:29'),
('62','62','approved','2001-04-10 23:27:14','1994-10-09 09:03:38'),
('63','63','declined','1992-11-10 23:18:04','1989-11-18 07:45:51'),
('64','64','declined','2005-12-14 07:32:55','1973-07-31 00:54:26'),
('65','65','unfriended','2001-12-20 05:25:36','2015-02-12 23:36:00'),
('66','66','unfriended','1973-06-26 16:20:37','1974-09-01 23:01:43'),
('67','67','unfriended','2020-03-31 23:08:13','1999-09-07 14:39:35'),
('68','68','approved','2003-12-19 11:16:33','2017-06-03 03:53:02'),
('69','69','unfriended','1971-12-21 13:10:33','2003-12-12 16:17:55'),
('70','70','approved','2008-08-31 11:43:14','2004-04-03 12:12:51'),
('71','71','unfriended','1978-03-27 23:01:04','2012-12-18 06:07:50'),
('72','72','requested','1982-08-31 18:09:09','2008-03-25 15:59:05'),
('73','73','requested','1973-08-18 00:18:02','2009-07-13 11:14:32'),
('74','74','requested','1985-10-05 17:09:47','2013-10-14 10:14:01'),
('75','75','requested','2012-09-30 14:31:17','1982-06-26 03:09:15'),
('76','76','approved','1987-04-11 09:58:55','1985-07-10 07:47:28'),
('77','77','declined','2003-01-08 14:57:04','1984-11-10 14:41:44'),
('78','78','requested','1974-03-30 07:22:35','2015-02-15 03:12:52'),
('79','79','requested','2017-01-08 08:40:00','1979-12-02 19:26:53'),
('80','80','requested','1992-04-02 09:53:53','2015-03-07 17:28:36'),
('81','81','unfriended','1985-10-08 01:16:30','1988-03-15 10:47:15'),
('82','82','declined','2001-01-15 16:42:29','1980-03-17 07:56:35'),
('83','83','requested','2010-02-05 05:38:26','1998-05-16 00:40:58'),
('84','84','approved','1980-01-04 10:16:42','1990-11-15 20:02:27'),
('85','85','approved','1986-09-23 01:30:45','1989-12-14 11:16:30'),
('86','86','unfriended','1977-10-18 01:41:38','1971-04-12 01:33:41'),
('87','87','approved','2012-03-05 03:24:23','2010-06-28 06:49:41'),
('88','88','unfriended','2010-04-20 16:28:01','1983-02-09 22:06:47'),
('89','89','approved','1981-02-21 19:45:49','1993-07-24 09:28:29'),
('90','90','approved','1980-04-29 23:11:27','1971-01-24 14:24:22'),
('91','91','requested','1988-03-22 11:03:27','2004-03-26 04:18:24'),
('92','92','requested','2018-06-03 18:30:32','2001-06-09 22:03:35'),
('93','93','requested','2012-08-31 20:16:19','2016-12-13 01:22:13'),
('94','94','declined','2008-10-16 13:35:55','1992-03-18 02:32:36'),
('95','95','unfriended','2003-08-16 14:04:25','1996-11-29 15:43:46'),
('96','96','requested','1985-10-29 05:13:10','1997-08-07 18:28:13'),
('97','97','requested','2011-12-15 23:48:59','1970-07-10 18:44:43'),
('98','98','approved','1976-12-26 16:30:59','2001-04-16 11:17:05'),
('99','99','unfriended','2012-08-18 23:27:53','2004-07-02 12:54:00'),
('100','100','declined','1983-12-13 15:21:35','1980-05-19 18:09:17'); 


DROP TABLE IF EXISTS `likes`;
CREATE TABLE `likes` (
  `id` bigint(20) unsigned NOT NULL AUTO_INCREMENT,
  `user_id` bigint(20) unsigned NOT NULL,
  `media_id` bigint(20) unsigned NOT NULL,
  `created_at` datetime DEFAULT current_timestamp(),
  UNIQUE KEY `id` (`id`)
) ENGINE=InnoDB AUTO_INCREMENT=101 DEFAULT CHARSET=utf8 COLLATE=utf8_unicode_ci;

INSERT INTO `likes` VALUES ('1','1','1','2003-03-17 08:06:21'),
('2','2','2','2005-11-22 07:54:17'),
('3','3','3','1984-09-13 17:10:37'),
('4','4','4','2009-07-09 22:35:09'),
('5','5','5','1983-08-14 08:15:23'),
('6','6','6','2010-05-27 23:06:43'),
('7','7','7','2003-11-06 01:40:29'),
('8','8','8','1976-07-01 16:29:13'),
('9','9','9','1972-11-16 10:03:42'),
('10','10','10','1981-08-29 07:16:22'),
('11','11','11','2012-04-15 02:24:28'),
('12','12','12','2010-09-01 17:06:50'),
('13','13','13','2013-02-03 07:35:50'),
('14','14','14','2016-06-19 10:37:25'),
('15','15','15','2002-10-19 22:50:38'),
('16','16','16','1975-08-30 14:59:31'),
('17','17','17','2018-08-12 05:32:12'),
('18','18','18','1986-03-05 13:56:14'),
('19','19','19','1996-08-24 17:15:01'),
('20','20','20','1989-08-05 05:15:54'),
('21','21','21','1984-03-22 23:36:49'),
('22','22','22','1991-10-08 10:54:36'),
('23','23','23','1985-08-18 06:04:55'),
('24','24','24','1996-12-28 17:14:15'),
('25','25','25','1993-01-02 06:18:21'),
('26','26','26','1975-05-25 16:53:03'),
('27','27','27','2000-03-22 11:08:34'),
('28','28','28','1999-06-19 22:08:48'),
('29','29','29','2004-12-22 20:37:50'),
('30','30','30','2016-06-25 08:45:26'),
('31','31','31','2016-08-03 11:40:41'),
('32','32','32','2003-05-26 16:23:35'),
('33','33','33','2015-02-07 10:19:31'),
('34','34','34','1998-11-23 22:46:08'),
('35','35','35','2000-09-25 19:36:48'),
('36','36','36','2018-09-08 14:57:38'),
('37','37','37','1990-07-12 18:38:28'),
('38','38','38','2002-06-18 22:47:12'),
('39','39','39','2010-05-03 09:06:44'),
('40','40','40','2013-05-27 22:05:57'),
('41','41','41','1977-08-28 13:24:22'),
('42','42','42','1971-09-10 05:42:46'),
('43','43','43','1982-09-05 07:16:09'),
('44','44','44','1980-04-25 16:47:44'),
('45','45','45','1994-08-26 20:07:54'),
('46','46','46','1995-12-25 03:13:51'),
('47','47','47','2012-11-22 06:38:08'),
('48','48','48','1999-05-08 04:32:50'),
('49','49','49','1998-06-12 20:32:01'),
('50','50','50','1994-12-27 18:22:56'),
('51','51','51','2018-03-13 17:40:46'),
('52','52','52','1989-04-10 20:32:58'),
('53','53','53','1975-06-15 11:41:37'),
('54','54','54','1978-08-25 11:33:14'),
('55','55','55','1992-05-22 06:12:11'),
('56','56','56','2004-07-04 22:02:53'),
('57','57','57','2013-08-06 17:50:16'),
('58','58','58','1980-12-18 05:21:41'),
('59','59','59','2008-04-17 18:48:56'),
('60','60','60','1974-11-11 15:24:56'),
('61','61','61','1994-01-25 22:29:03'),
('62','62','62','2004-12-25 22:06:36'),
('63','63','63','2020-05-16 08:39:46'),
('64','64','64','2008-03-06 15:04:31'),
('65','65','65','2016-02-15 11:32:40'),
('66','66','66','2011-11-13 14:27:47'),
('67','67','67','1970-09-18 03:52:52'),
('68','68','68','2004-09-08 06:05:28'),
('69','69','69','1977-02-25 10:04:17'),
('70','70','70','1984-03-06 22:25:55'),
('71','71','71','1973-07-25 15:22:12'),
('72','72','72','1974-04-04 14:14:14'),
('73','73','73','2003-04-05 08:45:11'),
('74','74','74','2018-09-06 20:31:18'),
('75','75','75','1975-07-04 12:13:23'),
('76','76','76','1973-08-19 19:45:26'),
('77','77','77','1990-11-17 07:03:09'),
('78','78','78','1973-01-21 22:33:08'),
('79','79','79','2003-07-29 21:50:58'),
('80','80','80','1992-03-17 14:00:50'),
('81','81','81','1990-02-04 05:06:22'),
('82','82','82','2002-01-23 18:43:31'),
('83','83','83','1995-12-24 02:19:21'),
('84','84','84','2018-10-06 19:47:44'),
('85','85','85','1980-03-04 19:54:13'),
('86','86','86','1978-01-23 09:54:27'),
('87','87','87','2004-09-04 13:19:58'),
('88','88','88','2016-04-23 07:28:12'),
('89','89','89','1991-03-13 06:07:43'),
('90','90','90','1972-06-05 15:37:49'),
('91','91','91','2014-03-06 06:18:39'),
('92','92','92','1988-06-14 21:41:23'),
('93','93','93','1982-12-23 22:48:03'),
('94','94','94','2010-10-08 10:42:21'),
('95','95','95','2011-04-22 04:09:01'),
('96','96','96','1976-06-07 03:24:23'),
('97','97','97','1997-04-06 17:03:55'),
('98','98','98','2013-12-22 17:52:53'),
('99','99','99','2015-08-21 15:44:50'),
('100','100','100','1986-08-11 11:27:24'); 


DROP TABLE IF EXISTS `media`;
CREATE TABLE `media` (
  `id` bigint(20) unsigned NOT NULL AUTO_INCREMENT,
  `media_type_id` bigint(20) unsigned NOT NULL,
  `user_id` bigint(20) unsigned NOT NULL,
  `body` text COLLATE utf8_unicode_ci DEFAULT NULL,
  `filename` varchar(255) COLLATE utf8_unicode_ci DEFAULT NULL,
  `size` int(11) DEFAULT NULL,
  `metadata` longtext CHARACTER SET utf8mb4 COLLATE utf8mb4_bin DEFAULT NULL CHECK (json_valid(`metadata`)),
  `created_at` datetime DEFAULT current_timestamp(),
  `updated_at` datetime DEFAULT NULL ON UPDATE current_timestamp(),
  UNIQUE KEY `id` (`id`),
  KEY `user_id` (`user_id`),
  KEY `media_type_id` (`media_type_id`),
  CONSTRAINT `media_ibfk_1` FOREIGN KEY (`user_id`) REFERENCES `users` (`id`),
  CONSTRAINT `media_ibfk_2` FOREIGN KEY (`media_type_id`) REFERENCES `media_types` (`id`)
) ENGINE=InnoDB AUTO_INCREMENT=101 DEFAULT CHARSET=utf8 COLLATE=utf8_unicode_ci;

INSERT INTO `media` VALUES ('1','1','1','Et et debitis iusto quae aperiam illum modi. Dolor ducimus quibusdam voluptate illum. Consequuntur excepturi sunt assumenda voluptatem.','est','6281',NULL,'2018-09-12 03:37:19','1995-07-16 08:05:18'),
('2','2','2','Dignissimos expedita quas dolor. Ipsa sequi dolor earum voluptatem. Incidunt itaque qui temporibus tempora mollitia.','numquam','0',NULL,'1993-05-03 09:33:57','1998-04-12 18:59:42'),
('3','3','3','Quos rerum pariatur vel. Nostrum mollitia officia voluptatem reiciendis. Totam aut est excepturi accusantium veritatis. Et dolores et cumque aut amet officia est.','aspernatur','1',NULL,'1985-03-07 11:05:46','2006-04-10 11:02:12'),
('4','4','4','Quos assumenda soluta consequatur. Enim quaerat molestiae excepturi sint sit aut. Qui ullam reiciendis excepturi ut voluptatibus veritatis et.','molestiae','82695',NULL,'1992-03-19 22:55:02','1978-03-30 20:25:47'),
('5','1','5','Excepturi alias nulla quisquam blanditiis inventore. Aut adipisci sequi ut eveniet placeat. Tempore itaque voluptatem hic molestiae asperiores.','quo','0',NULL,'1975-05-02 04:22:21','1980-04-04 22:53:02'),
('6','2','6','Quia reiciendis distinctio esse autem eius perferendis. Officiis possimus voluptas recusandae. Voluptatem at doloremque natus amet est.','repudiandae','7851',NULL,'1991-01-22 07:08:30','2002-08-01 22:18:48'),
('7','3','7','Quia maxime libero aspernatur nobis. Est blanditiis quidem nobis. Adipisci repellendus accusamus voluptatem illum qui. Est inventore sapiente quaerat consequatur nesciunt ut.','error','152293996',NULL,'1978-10-11 18:42:14','1981-05-07 01:29:54'),
('8','4','8','Corporis aut quia voluptas dolorum cum doloribus quasi. Cumque aperiam ab laborum exercitationem perferendis assumenda.','autem','0',NULL,'1992-05-19 06:29:24','1991-06-21 14:05:08'),
('9','1','9','Eaque illo eligendi qui a sit nam quisquam. Voluptatem illum dicta non. Rem nostrum a ut.','officia','447096',NULL,'2014-04-04 11:16:49','1999-06-14 00:32:31'),
('10','2','10','Cum nam sapiente in aliquam dicta. Id accusamus est quia vero vitae excepturi. Explicabo quo id omnis.','enim','0',NULL,'2001-03-30 15:02:04','1987-08-26 14:43:04'),
('11','3','11','Quis et nulla repudiandae. Consequuntur in amet rerum eaque voluptas. Vel rerum corporis quae rem.','eum','549450',NULL,'1995-11-01 04:40:30','1992-12-17 18:23:20'),
('12','4','12','Voluptatem quas a voluptates cumque eveniet accusantium. Sapiente a et aspernatur qui voluptatibus doloremque nulla. Exercitationem doloremque doloremque eaque nobis eaque sequi.','nesciunt','65285787',NULL,'2013-03-01 17:52:02','2003-11-09 17:28:37'),
('13','1','13','Rem aliquid error illum mollitia. Laborum iusto ipsa doloremque debitis. Soluta consequatur vel provident qui debitis. Sunt autem non et corrupti nostrum eligendi. Voluptas odio nesciunt ipsum suscipit voluptas.','voluptatem','23',NULL,'1973-07-22 22:02:00','1981-01-29 06:37:57'),
('14','2','14','Error provident natus voluptate alias qui ut est iusto. Eos doloribus ad sed aspernatur explicabo pariatur. In ex magni ipsa et.','sit','22',NULL,'1979-11-01 22:24:41','1985-09-26 10:16:42'),
('15','3','15','Repudiandae ad in repellendus harum hic. Ipsum est sed suscipit quae veniam. Odit inventore necessitatibus maxime distinctio omnis veniam. Natus modi quia laboriosam molestiae ab quia hic.','temporibus','92984',NULL,'1989-12-03 09:08:47','1985-03-17 17:59:04'),
('16','4','16','Praesentium sed dolor quo. Suscipit quia aspernatur ullam placeat.','est','4',NULL,'2003-11-16 16:43:03','1988-05-04 10:24:30'),
('17','1','17','Omnis mollitia ipsa asperiores. Maxime similique est ratione omnis ut non. Est dolor temporibus et maxime facere provident quia. Voluptas omnis iusto perspiciatis eveniet explicabo.','quam','36',NULL,'1971-05-18 18:01:15','2008-06-26 23:57:23'),
('18','2','18','Voluptas aut quidem sapiente ullam. Voluptates similique dolor voluptate aut. Accusamus enim rerum deleniti similique.','aut','558636',NULL,'2018-06-14 07:57:13','2011-12-05 13:40:42'),
('19','3','19','Molestiae autem minima magni dicta sit quae. Aperiam facilis earum expedita voluptas omnis qui. Atque laudantium enim sit ipsa dolor ipsum repudiandae ut.','et','0',NULL,'1984-04-02 18:12:00','1998-03-12 17:45:10'),
('20','4','20','Possimus recusandae similique quidem nihil. Sapiente inventore voluptas pariatur deleniti dolores consequuntur. Dolorum aut aliquid similique nulla voluptates sapiente. Molestias corrupti asperiores officia.','ex','448',NULL,'1999-07-24 13:01:55','1980-07-01 06:23:41'),
('21','1','21','Voluptates omnis dolor nulla perspiciatis voluptate quasi optio. Quo quia sunt repudiandae tenetur eligendi rem. Consectetur rerum consectetur fuga veritatis molestiae. Nemo eveniet voluptatem ut facere nesciunt.','consequuntur','858512',NULL,'1972-09-17 23:23:40','1984-02-29 03:26:43'),
('22','2','22','Rerum qui laudantium earum id corporis nulla eveniet quis. Omnis ea amet rem possimus et dicta. Debitis sit rerum rerum et.','eligendi','2509',NULL,'2000-05-14 19:19:11','2010-11-23 04:42:12'),
('23','3','23','Quibusdam et suscipit excepturi libero eos repudiandae. Nobis dolorem labore repellat ut cum. Consequatur ut quidem doloremque sequi provident.','officia','9761554',NULL,'1981-09-27 20:00:06','1994-11-13 13:12:14'),
('24','4','24','Quia doloremque dolorum dolorem est. Reiciendis occaecati at natus maxime sunt.','impedit','0',NULL,'1972-02-11 22:36:51','1978-09-12 15:18:13'),
('25','1','25','Est rerum temporibus nemo saepe dolores dolorem. Repudiandae eos exercitationem commodi et sed eum.','nemo','1',NULL,'1998-05-26 16:51:27','2004-05-21 02:09:17'),
('26','2','26','Accusantium quia et voluptas aspernatur. Qui asperiores qui nulla dolore ab tempore vitae. Aut debitis qui similique sequi.','labore','965',NULL,'1976-12-05 14:08:23','2011-05-09 19:16:17'),
('27','3','27','Voluptatem dolor quaerat quia tempore. Sint cumque voluptatibus consequatur accusantium. Sunt adipisci illum occaecati quasi ipsa vel. Laudantium quasi enim quod at voluptatibus et officiis.','dicta','21960',NULL,'2011-01-09 05:44:58','1993-07-24 08:57:06'),
('28','4','28','Dignissimos excepturi nam sequi ea. Reiciendis provident quia repellat. Neque amet libero iure ipsam fugit aut.','error','51118099',NULL,'1992-06-24 03:12:53','2005-03-28 11:59:41'),
('29','1','29','Dolores doloremque expedita nam. Vitae est qui quia voluptas tenetur. Qui omnis aspernatur placeat consequatur.','dolores','81442100',NULL,'1993-11-16 02:13:25','1983-02-08 06:01:27'),
('30','2','30','Tempore magnam ad totam vitae quia earum dolores. Odio distinctio aliquam sunt mollitia neque. Nam suscipit occaecati est voluptates et. Dolores quisquam accusamus omnis.','vero','8499892',NULL,'1976-11-23 03:48:53','1973-12-30 04:47:56'),
('31','3','31','Architecto maiores adipisci nam quod minima expedita consectetur. Cum rerum corporis voluptatem ut vel. Qui aut cumque similique eos omnis ab.','et','565902789',NULL,'2000-05-06 01:31:06','1973-06-05 20:00:55'),
('32','4','32','Nihil et dolore sapiente vel. Corrupti illum rerum enim accusantium velit aliquam. Repellat excepturi voluptate porro incidunt qui eum molestias temporibus.','laborum','5971507',NULL,'2011-03-17 23:38:35','1997-06-23 11:59:07'),
('33','1','33','Et dolorum voluptatem provident occaecati illum exercitationem est. Tempora ullam quod dolor minima repellat eaque. Eos et repudiandae quam. Qui illum laboriosam praesentium eius quaerat. Et distinctio beatae provident quidem sed dolor cupiditate.','facilis','3881158',NULL,'1978-09-11 16:33:26','2005-09-25 16:28:42'),
('34','2','34','Beatae vero quis id accusamus facere nesciunt. Fugit consequatur reiciendis ut sit. Accusamus natus tempore quae.','mollitia','563908',NULL,'1991-12-08 00:02:24','2002-02-16 00:26:04'),
('35','3','35','Minima placeat quia quis delectus fuga possimus aspernatur. Recusandae dolorem ad occaecati est in similique quisquam. Voluptas quia quidem inventore autem delectus unde. Harum nulla quasi necessitatibus mollitia. Ea asperiores quae ipsam dolor minus aliquid consequatur nihil.','omnis','860366',NULL,'2015-11-27 08:47:08','2003-12-16 18:51:20'),
('36','4','36','Est dignissimos ipsum neque et illum. Maiores sequi aut nostrum ut inventore nostrum sapiente incidunt. Et asperiores quibusdam aut voluptatem impedit.','consequuntur','85',NULL,'1987-04-18 02:29:35','2016-03-25 12:22:26'),
('37','1','37','Beatae inventore nisi vitae quia hic deleniti qui sit. Eligendi nam vel eligendi adipisci ea.','voluptatum','5617',NULL,'1985-03-31 17:00:17','2011-12-27 23:18:04'),
('38','2','38','Aut reiciendis sed omnis occaecati. Eos suscipit soluta mollitia est cum. Quis voluptatibus ab facilis quas illum ut. Consequatur a rerum beatae modi aut praesentium qui. Ut ea nisi quasi quibusdam.','nostrum','68',NULL,'1971-06-07 05:00:39','1987-01-22 10:11:25'),
('39','3','39','Ducimus est in maiores nihil est eum quibusdam. Illo possimus dignissimos aspernatur libero et. Porro blanditiis reprehenderit inventore aliquam omnis. Sed nulla et consectetur voluptatibus.','earum','0',NULL,'1994-11-02 20:50:55','1985-07-25 08:11:48'),
('40','4','40','Sunt ut accusantium quisquam aut possimus sit. Distinctio error id odit. Tenetur error ipsam quae quis amet.','aliquid','630977',NULL,'1990-02-21 12:59:57','1989-07-25 10:38:14'),
('41','1','41','Quia repellat ab eveniet libero eos nesciunt recusandae. Illo ut fuga rem et rem. Sequi voluptatem eaque veritatis iure autem quis.','autem','723390453',NULL,'1982-10-29 04:34:44','1993-10-18 00:42:05'),
('42','2','42','Nobis assumenda beatae enim ea. Eveniet nisi enim veniam molestiae sint.','consequatur','3564',NULL,'2017-10-31 13:26:22','1995-05-11 10:48:26'),
('43','3','43','Natus eum aperiam et nulla tenetur aut. Molestiae dolor vitae consequatur inventore aspernatur quaerat rerum. Recusandae provident tempora porro deleniti qui consequatur quis. Numquam a autem corrupti eveniet autem inventore aspernatur.','rerum','56',NULL,'2004-03-09 15:58:11','1981-09-10 09:46:13'),
('44','4','44','Earum corrupti inventore consequatur vel doloribus nemo non expedita. Eligendi natus dignissimos vel fugiat quisquam nihil voluptas et. Iure incidunt velit sed animi. Harum veniam quo odit eos totam molestiae.','nihil','7',NULL,'2013-12-01 01:55:40','2015-07-19 04:24:28'),
('45','1','45','Quo quia et cum delectus. Cum laborum ab nobis et. Id ullam iure at.','ex','757137',NULL,'1995-04-23 22:41:37','2015-10-09 13:48:16'),
('46','2','46','Aliquid asperiores eos facere aut suscipit nihil. At incidunt quod quasi deleniti saepe aut modi. Dolorum quaerat ut aspernatur iusto. Amet dolorem aut ad illum cum vitae.','voluptatem','0',NULL,'2017-09-10 02:30:30','2001-09-26 08:47:45'),
('47','3','47','Dolores deleniti animi sed eligendi omnis. Qui qui sunt quia maiores. Temporibus consequuntur sed inventore et quia suscipit voluptatem sunt. Voluptatem et alias debitis.','dicta','0',NULL,'2007-12-15 06:59:10','1971-07-18 01:04:58'),
('48','4','48','Nam et dolore quisquam eligendi modi eos et. Reiciendis mollitia maiores ipsa. Magni sunt rerum molestiae.','quo','984932323',NULL,'2008-12-11 04:19:04','1990-03-12 21:15:32'),
('49','1','49','Soluta officia est ab eaque. Et magnam et consectetur veritatis ea molestiae nesciunt. Necessitatibus voluptas quaerat quidem earum suscipit. Itaque labore ad id aliquam et.','voluptas','1',NULL,'1980-07-22 09:12:08','1985-10-18 03:55:03'),
('50','2','50','Aut sit est voluptatum vel nemo esse repellendus. Et sint accusantium hic molestiae. Officia beatae quam corporis voluptatem. Qui quo ut eveniet corrupti.','minima','27445333',NULL,'2020-05-26 00:04:27','1998-08-23 10:41:03'),
('51','3','51','Iste nisi illo illum totam. Est facilis nemo assumenda qui non. Molestiae facere nisi corporis.','ratione','8',NULL,'2015-04-26 03:40:12','2013-07-22 14:12:19'),
('52','4','52','Id ullam ut natus exercitationem voluptatem. Est alias ea ea minus aut. Laborum sit quod est omnis qui libero inventore.','placeat','0',NULL,'2003-09-05 07:27:13','1993-02-19 09:37:40'),
('53','1','53','Qui quidem deleniti eius ex corrupti voluptates ullam. Incidunt veritatis qui quisquam expedita iste tempora nam id. Similique possimus dolorum dicta. Iure iste consequuntur enim nulla dolores quo qui.','et','41960815',NULL,'2015-02-04 16:18:23','2017-05-23 02:15:56'),
('54','2','54','Voluptas atque harum dolores quos. Expedita iure dolorem qui aut. Ab inventore ipsam nisi sint eligendi harum.','in','59626',NULL,'1999-12-11 01:05:34','1996-12-04 00:27:32'),
('55','3','55','Sint dolorem ducimus mollitia voluptas corporis nostrum qui ipsa. Qui aut vel cupiditate voluptatum quia repellat cumque. Quasi iure et aspernatur nihil aut nobis delectus.','consequatur','46729',NULL,'1999-01-08 09:08:45','1983-06-01 03:29:31'),
('56','4','56','Dolores quisquam autem distinctio quidem tempore. Minima in placeat quia qui. Cupiditate dicta amet possimus sint.','nihil','0',NULL,'2018-01-13 11:54:10','2014-06-25 09:48:51'),
('57','1','57','Ut accusamus praesentium laudantium aut soluta sunt. Nihil vitae corporis inventore id autem delectus optio. Maiores omnis quaerat qui natus itaque error quis nam. Delectus rem iure illo excepturi ut non.','necessitatibus','823614204',NULL,'2011-06-29 20:06:29','2006-04-29 08:14:48'),
('58','2','58','Atque sint architecto dolores eum. Sit voluptatem ratione nam magni et aspernatur aliquam nostrum. Dolorem doloribus dignissimos atque rem aut quas quas modi.','quis','9934',NULL,'1973-10-05 07:47:57','1988-08-03 21:24:04'),
('59','3','59','Aut nemo doloremque illo a aut commodi. Necessitatibus dignissimos officia quam totam voluptas aspernatur. Dolores doloremque vel quam modi fuga quis soluta perspiciatis. Esse officiis non et.','et','601917685',NULL,'1971-02-27 16:55:34','2011-09-24 19:37:18'),
('60','4','60','Tempora ad asperiores magnam reprehenderit corrupti et quam. Unde maiores hic dolores molestias.','cumque','638090630',NULL,'2006-04-10 23:57:00','1974-01-15 16:07:40'),
('61','1','61','Enim repudiandae qui fugiat velit. Eveniet nihil aut inventore aut blanditiis nostrum quia. Aut sit id est doloremque laudantium iste. Cum qui at officiis vitae amet dolorum.','qui','87622',NULL,'1974-12-17 08:52:53','2019-02-18 10:37:17'),
('62','2','62','Recusandae libero eos aut aliquam. Voluptate amet cupiditate sed reprehenderit. Exercitationem molestiae ea aliquid dignissimos aut illo et.','autem','4',NULL,'2000-01-27 08:18:11','2005-02-09 20:59:38'),
('63','3','63','Veniam aut odit incidunt aliquid. Inventore quaerat facilis quam sit mollitia consequatur. Ratione labore natus qui qui vitae optio.','occaecati','184639',NULL,'1976-02-23 00:30:29','2010-12-13 16:32:57'),
('64','4','64','Reprehenderit molestiae qui non ut ut qui assumenda et. Delectus quia distinctio assumenda in voluptatum enim. Consequatur hic harum et facilis consequuntur adipisci et sint.','modi','39',NULL,'1991-11-30 14:08:25','2005-01-06 21:38:57'),
('65','1','65','Doloremque qui provident hic omnis quis beatae et. Dicta dolorem porro magnam eos molestiae. Magnam sint hic corporis sint. Alias nobis vel aliquam in voluptatem.','autem','0',NULL,'2020-07-14 00:45:51','2018-07-22 14:42:26'),
('66','2','66','Velit voluptatibus voluptas id sed. Ratione quia quasi labore harum veniam nam. Quisquam nam repudiandae fuga totam repellendus repellat. Qui reiciendis aut autem aliquid tenetur hic eligendi.','culpa','0',NULL,'2002-01-04 06:43:23','2013-10-02 23:54:02'),
('67','3','67','Aut eos consequatur occaecati veritatis est labore. Consequatur sit doloribus consequatur aut omnis sit commodi vel. Pariatur a facilis tenetur accusantium aut dolorem labore ab.','reiciendis','2464154',NULL,'1977-09-28 17:56:23','2016-07-08 13:19:38'),
('68','4','68','Eos tempora similique architecto adipisci optio quibusdam doloremque. Et quos consectetur quibusdam in esse dicta quas et. Sunt accusamus aliquam vel.','quae','1776626',NULL,'1970-11-25 00:26:09','1991-05-15 01:43:02'),
('69','1','69','Voluptate alias architecto id rem. Eaque et officia aperiam harum. Similique ullam alias in quos et corporis.','sed','3794',NULL,'1971-12-08 00:39:29','2005-07-15 14:58:50'),
('70','2','70','Itaque est recusandae est est qui. Placeat molestiae porro soluta consequatur. Inventore quos rem vel vero ex provident. Laudantium consectetur qui voluptatibus at.','dicta','0',NULL,'2006-02-13 18:15:12','2006-11-24 13:21:52'),
('71','3','71','Necessitatibus quis accusamus sit odit. Amet unde amet cupiditate et. Facere aliquam voluptatem sint dicta.','qui','711698596',NULL,'1983-06-26 17:29:52','1996-02-09 09:52:46'),
('72','4','72','Similique nostrum aliquid aut optio voluptate sint. Qui voluptatibus perspiciatis optio a molestiae. Nostrum sapiente cupiditate nobis non cumque fugiat accusamus.','sed','93062',NULL,'1990-02-10 14:19:39','2004-11-14 11:10:52'),
('73','1','73','Magni quia nihil dignissimos et. Illum sint facere est repudiandae et et. Rem non tempora laboriosam in.','nihil','9',NULL,'2010-12-03 20:41:29','2002-04-23 11:43:00'),
('74','2','74','Laboriosam natus excepturi harum asperiores illo temporibus. Occaecati quia sit magni. Quis exercitationem accusamus pariatur numquam quo tempore quaerat.','ut','7004',NULL,'1978-08-29 16:02:38','1990-06-20 18:36:27'),
('75','3','75','Quas hic tempore hic quam. Dolor distinctio itaque tenetur quae facilis laudantium. Debitis laboriosam aut et sint quae sit odio. Amet impedit aliquid asperiores expedita error ea necessitatibus.','dolor','686',NULL,'2001-05-09 13:38:41','2020-01-31 05:40:03'),
('76','4','76','Quidem eum quaerat repudiandae est. Excepturi corrupti eius ratione dicta totam. A quae tenetur explicabo qui sit enim.','repudiandae','2605464',NULL,'2004-07-09 22:44:44','1984-09-16 23:56:49'),
('77','1','77','Repellat eaque qui necessitatibus aut rerum reprehenderit. Qui quia doloremque nesciunt est aspernatur et eum. Blanditiis omnis et voluptatem quis iure. Eligendi officiis consequatur nihil accusamus.','corrupti','2',NULL,'1999-11-14 09:21:21','1998-01-31 12:23:03'),
('78','2','78','Nulla magni tempora vitae libero eum ducimus delectus deleniti. Et ut omnis et dignissimos est. Voluptatem ut eos enim non voluptas mollitia.','nostrum','5449091',NULL,'2002-10-08 03:55:08','2004-06-05 05:23:39'),
('79','3','79','Delectus cumque eaque assumenda doloribus ut. Saepe rem aut esse quia.','magni','4232',NULL,'1976-11-29 07:33:01','2011-08-16 07:47:24'),
('80','4','80','Nisi quibusdam voluptatem sed odit. Tempore architecto eligendi repellendus qui doloremque ea harum. Temporibus eos quae sed.','eaque','755876656',NULL,'1972-08-30 19:49:24','1993-08-24 07:01:16'),
('81','1','81','Impedit inventore fugiat mollitia laudantium. Velit explicabo velit provident sit. Qui et voluptatem ut ex in.','vel','74',NULL,'2017-07-31 18:05:56','1972-11-01 19:41:25'),
('82','2','82','Qui enim aut et veniam nisi perspiciatis aspernatur. Autem delectus vero rerum quia ipsa consequuntur. Quam impedit soluta ipsa ut eum. Vero provident repudiandae deleniti officia.','optio','18',NULL,'2020-07-29 05:30:32','1999-12-31 19:35:21'),
('83','3','83','Aut rem deleniti placeat dicta ipsa eaque error. Quos vero commodi molestiae. Architecto aut cupiditate distinctio minus debitis illum. Nesciunt reprehenderit quis delectus voluptatem vel qui.','est','34273',NULL,'2017-09-02 19:21:07','2002-05-14 14:32:54'),
('84','4','84','Explicabo iusto facilis et qui aut. Ipsam ab aut aut magni quibusdam rem voluptatibus. Architecto quia voluptatem et aut molestias quisquam assumenda. Id deleniti consectetur dicta ad consectetur reprehenderit aut omnis. Repellendus repellat fugit at nulla sed non dolores.','qui','4246758',NULL,'1980-09-19 05:32:37','1982-11-07 14:09:50'),
('85','1','85','Odit libero non vel sint. Aspernatur dolorem atque atque libero in voluptatem fuga sit. Pariatur minus amet totam necessitatibus voluptas esse molestiae.','voluptatum','0',NULL,'1996-11-23 15:57:45','1976-01-31 23:13:16'),
('86','2','86','Nihil deleniti excepturi eos mollitia ratione et quae. Sit ut at corporis et autem omnis minima quaerat. Autem illo ut nemo est dolorem.','dolor','89516',NULL,'1993-01-19 06:39:19','1993-12-12 14:57:18'),
('87','3','87','Cum autem sed harum labore porro in voluptatem. Quos ducimus eos numquam ut. Qui molestias sed ut molestiae vero rem eum.','vel','7',NULL,'2014-08-11 13:06:40','1985-07-31 06:37:49'),
('88','4','88','Est quidem quas consequatur voluptatibus maiores. Commodi commodi sed eos. Voluptates suscipit officia officia molestiae. Vitae qui in illum.','dolor','14402877',NULL,'1976-02-27 23:20:48','2016-01-25 00:06:20'),
('89','1','89','Et aspernatur consequatur enim ab. Magni et quis sed assumenda provident. Itaque et est voluptate maiores impedit numquam aliquam.','autem','733736',NULL,'1983-04-16 19:14:49','1970-07-02 13:51:58'),
('90','2','90','Cum aut nihil ex consectetur iste ea. Assumenda consequuntur architecto fugit voluptate quibusdam. Iure et excepturi eaque vel atque rerum.','autem','4',NULL,'1982-11-10 12:05:03','2020-10-17 22:41:21'),
('91','3','91','Commodi natus sint unde molestiae at repellendus. Sint aut minima id quos architecto dicta vel.','ut','718871842',NULL,'2018-11-16 04:50:37','1973-10-08 21:39:31'),
('92','4','92','Dolorem eos dicta magni dolores molestias quia velit. Commodi aut totam qui sed. Rerum sequi blanditiis vero repellendus quia distinctio dolor est.','ut','5',NULL,'2015-11-01 05:43:17','2004-03-07 06:41:26'),
('93','1','93','Dolores aliquam sunt dolor qui commodi ut. Deserunt aliquam sit reprehenderit nemo iure et necessitatibus. Expedita atque nisi aut quasi similique in porro.','et','93174897',NULL,'2011-03-31 12:05:43','1984-03-27 00:59:45'),
('94','2','94','Perspiciatis dolore perferendis quia. Dolore omnis et sit qui et repudiandae reprehenderit rem. Autem quibusdam voluptatem sunt minus delectus. Iure soluta cumque sit nisi perspiciatis sunt.','nobis','7526996',NULL,'1984-04-19 05:40:52','2010-05-28 17:08:11'),
('95','3','95','Quas omnis voluptas expedita laudantium. Molestiae quidem eos in fugit et. Optio id eius architecto ad assumenda natus incidunt. Sapiente aut voluptatem odit tempora animi architecto.','tenetur','8',NULL,'2009-07-09 19:22:19','1985-04-16 17:21:25'),
('96','4','96','Laborum rerum iusto recusandae omnis pariatur. Quo qui non expedita modi. Quo deleniti reiciendis commodi omnis.','totam','0',NULL,'1986-08-18 17:30:31','2015-03-21 20:10:47'),
('97','1','97','Labore porro nemo et omnis necessitatibus nisi. Ipsam aspernatur ea dolores impedit voluptates. Eum praesentium harum error distinctio omnis ipsum itaque. Quia velit voluptatem voluptatem eligendi modi repellat sunt.','praesentium','4398013',NULL,'2020-12-30 19:48:49','1972-05-08 20:16:19'),
('98','2','98','Commodi tempore et quibusdam illum. Maiores maiores dicta aut optio non repellat qui. Natus id sequi et delectus omnis. Eveniet sequi libero qui quis.','est','663',NULL,'2014-12-02 09:49:06','1978-01-04 11:20:32'),
('99','3','99','Rerum cum et quo nostrum voluptas iure qui. Eum exercitationem pariatur deleniti quod. Rem dicta aut rerum magnam incidunt tempore quaerat. Tempore repellat rem occaecati officia nihil voluptatum rerum.','labore','4947',NULL,'2016-11-13 14:32:41','2006-07-25 06:02:18'),
('100','4','100','Repellat quam vitae fuga explicabo impedit eos. Sed pariatur nulla qui optio voluptatem. Est fuga saepe aliquid.','et','3275',NULL,'2006-05-19 18:42:01','2007-10-29 09:39:50'); 


DROP TABLE IF EXISTS `media_types`;
CREATE TABLE `media_types` (
  `id` bigint(20) unsigned NOT NULL AUTO_INCREMENT,
  `name` varchar(255) COLLATE utf8_unicode_ci DEFAULT NULL,
  `created_at` datetime DEFAULT current_timestamp(),
  `updated_at` datetime DEFAULT NULL ON UPDATE current_timestamp(),
  UNIQUE KEY `id` (`id`)
) ENGINE=InnoDB AUTO_INCREMENT=5 DEFAULT CHARSET=utf8 COLLATE=utf8_unicode_ci;

INSERT INTO `media_types` VALUES ('1','earum','2008-09-21 12:00:17','2017-08-20 10:13:51'),
('2','rerum','2010-08-27 09:54:38','2013-09-12 13:04:58'),
('3','facere','2016-09-04 15:18:46','1976-09-17 07:25:02'),
('4','perspiciatis','2015-06-30 16:09:18','1997-08-09 20:56:59'); 


DROP TABLE IF EXISTS `messages`;
CREATE TABLE `messages` (
  `id` bigint(20) unsigned NOT NULL AUTO_INCREMENT,
  `from_user_id` bigint(20) unsigned NOT NULL,
  `to_user_id` bigint(20) unsigned NOT NULL,
  `body` text COLLATE utf8_unicode_ci DEFAULT NULL,
  `created_at` datetime DEFAULT current_timestamp(),
  UNIQUE KEY `id` (`id`),
  KEY `from_user_id` (`from_user_id`),
  KEY `to_user_id` (`to_user_id`),
  CONSTRAINT `messages_ibfk_1` FOREIGN KEY (`from_user_id`) REFERENCES `users` (`id`),
  CONSTRAINT `messages_ibfk_2` FOREIGN KEY (`to_user_id`) REFERENCES `users` (`id`)
) ENGINE=InnoDB AUTO_INCREMENT=101 DEFAULT CHARSET=utf8 COLLATE=utf8_unicode_ci;

INSERT INTO `messages` VALUES ('1','1','1','Distinctio provident est vel eaque. Similique et et rerum suscipit accusamus. Facilis corrupti molestias id qui est. Eveniet itaque facilis earum non officiis itaque.','1977-07-18 22:42:51'),
('2','2','2','Quo distinctio doloremque molestias aut. Quas repellat explicabo ex repellendus aliquam magnam nihil. Voluptas alias fugiat placeat ut vel ex aut. Magnam distinctio itaque et.','2000-01-18 07:23:45'),
('3','3','3','Molestiae quae consequatur doloremque et eos eveniet dolore magni. Illo labore non ratione aut. Voluptatem magni ut eveniet id veniam velit.','2010-06-12 22:32:13'),
('4','4','4','Et nulla dignissimos placeat repellat officiis at et. Impedit ducimus aliquid doloribus ex. Rerum vel aut quod repellat error vel.','1982-06-14 08:48:34'),
('5','5','5','Praesentium ut voluptate quia sit delectus corporis. Et est et quia quis placeat corporis et. Et animi iste necessitatibus dolores eum non rerum.','1997-05-25 16:43:53'),
('6','6','6','Nemo tempore quidem dignissimos voluptatibus sint quia. Consequatur quae saepe magnam. Illum suscipit facilis sit quam quia eligendi.','2005-03-04 21:08:31'),
('7','7','7','Cupiditate ut ipsum voluptas voluptas voluptas cumque. Optio qui ut maxime dolor distinctio. Amet nemo iusto ex voluptatibus.','2006-10-03 06:12:29'),
('8','8','8','Voluptas porro illum sed est et id. Asperiores illo tenetur doloremque sunt. Qui rem omnis quo nisi et veritatis. Non ullam doloribus sit quia voluptatum provident. In quam quasi hic maxime.','1984-03-10 13:07:52'),
('9','9','9','Sit iusto animi consequatur voluptatem nihil similique id. Dicta tempore suscipit fugit quod tempora eos. Nobis dolores distinctio rerum doloremque odit velit voluptas. Ut recusandae distinctio illo velit beatae itaque. Nobis aliquam aut nihil odio rerum nemo blanditiis.','1980-11-16 23:58:07'),
('10','10','10','Ea voluptatem placeat pariatur nesciunt eum quo porro repellendus. Qui reiciendis quis vitae amet perferendis. Iusto enim qui asperiores qui. Et dolorum et aperiam mollitia repudiandae similique sint.','1993-05-19 16:12:20'),
('11','11','11','Eveniet qui iusto molestiae quasi. Et tenetur maiores quod quo voluptas. Doloremque non atque ea.','1971-11-23 18:38:45'),
('12','12','12','Sit magni sit animi a illo odit in commodi. Nihil similique quisquam quas cum. Molestias fugiat dolores repellendus libero iusto praesentium ad. Enim et et qui rerum ut possimus officia.','2007-01-31 11:44:49'),
('13','13','13','Explicabo itaque expedita incidunt veritatis est. Aut nesciunt quod vel quae ut autem doloribus. Asperiores provident quia sunt expedita molestiae commodi.','2008-04-21 03:17:43'),
('14','14','14','Dignissimos dolores fugit ipsam qui saepe exercitationem. Optio reiciendis reprehenderit nihil quo omnis corporis. Aperiam rerum soluta non quidem vitae. Delectus et voluptatem ut rerum.','2003-05-26 14:55:08'),
('15','15','15','Libero incidunt et rem occaecati aut ea dicta quis. Sint harum facilis ut et aut. Molestiae saepe non asperiores excepturi libero. A totam ea aut qui libero ut repudiandae.','2020-08-05 16:04:36'),
('16','16','16','Maiores sint itaque facilis molestiae aut voluptatum. Maxime dolorem adipisci laudantium autem minus. Consequatur quam voluptatum necessitatibus labore nemo tempore ab earum.','1990-09-22 10:42:33'),
('17','17','17','Molestiae incidunt dolores iusto voluptatum cum dolore velit. Maiores qui qui blanditiis amet. Velit aliquid nam praesentium debitis.','1990-10-28 10:10:32'),
('18','18','18','Quia ratione quis minima ea nam. Cum id mollitia dolor nam iste voluptatibus. Fugit magnam dolor eos accusantium vero. Perspiciatis et quaerat quae fuga laudantium assumenda.','1987-12-27 23:04:01'),
('19','19','19','Assumenda corrupti nemo sunt cupiditate magnam voluptatibus nemo. Perspiciatis ut rerum accusantium mollitia veritatis iure deserunt. Provident ut dolor mollitia hic sint nostrum consequatur. Ducimus corrupti laborum amet provident.','1983-08-03 12:02:13'),
('20','20','20','Saepe soluta maxime non quas qui est. Quia facilis molestiae deserunt nihil. Sunt explicabo saepe et vero. Enim enim quas ipsum et cum sunt doloribus.','2013-11-21 02:32:19'),
('21','21','21','Qui sed veniam odio voluptatem. Accusamus consequatur voluptatem et quia consequatur praesentium et. Ut quod vel tempore et. Nisi quod quo porro quia debitis quia quo aut.','1987-04-25 12:58:48'),
('22','22','22','Corrupti vero beatae occaecati ad. Culpa et et laudantium nihil iure distinctio veniam. Sit aliquam quisquam ullam deleniti. Vel aut ipsam et aut quae illo ducimus facilis.','2011-12-02 07:21:29'),
('23','23','23','Hic quia velit voluptatem esse nobis vitae. Harum at vel dolorem nemo. Non ullam atque dignissimos aliquam voluptatem. Dolor autem omnis et fuga.','2015-12-29 02:54:53'),
('24','24','24','Debitis omnis alias non reiciendis. Illo laboriosam omnis commodi saepe ut rerum qui. Temporibus harum qui est blanditiis pariatur.','1994-07-16 15:34:56'),
('25','25','25','Ut voluptates fugiat sit nemo itaque. Non ea quidem quidem voluptatem voluptatem qui ut. Eos ut commodi sed vero quod quidem. Dolorum ut vero dolore neque voluptatibus officia qui modi.','2011-05-06 01:30:49'),
('26','26','26','Eos eius veritatis blanditiis. Asperiores natus praesentium ut. Et quia cumque voluptatem ullam. Nam voluptates corrupti eum ab et nam tempora.','1977-12-17 00:17:18'),
('27','27','27','Non et dolorem veniam est. Nobis odit eligendi est corrupti. Voluptates inventore itaque vel in cum animi non. Odit et debitis deserunt sit rerum.','1992-05-30 09:44:26'),
('28','28','28','Rerum facere in ut iure est. In et harum sint modi animi autem et. Quibusdam sint quod est eveniet sed quam. Quis consectetur iusto magni omnis soluta.','1972-12-22 18:59:03'),
('29','29','29','Quaerat et ut molestiae dolores sit repudiandae praesentium. Modi velit est aliquid quisquam harum. Ut voluptas consectetur hic.','1971-05-07 23:45:05'),
('30','30','30','Architecto eveniet nostrum non necessitatibus. Dolore repellendus et distinctio non officia. Nihil hic qui quia labore. Libero consequuntur qui alias facilis.','2007-06-28 14:29:25'),
('31','31','31','Repellat hic cupiditate quia nihil. Maxime animi delectus eos eum. Dolorem aut ipsa molestias.','1977-04-22 13:05:27'),
('32','32','32','Fuga qui amet voluptatibus eum. Sit voluptate officiis molestiae dolorum. Quibusdam in vel aliquid sed. Omnis nesciunt sed unde impedit cupiditate.','2020-05-26 14:41:16'),
('33','33','33','Quaerat aperiam et velit. Quidem repudiandae occaecati blanditiis. Alias atque eum laboriosam iure sit maiores. Esse id libero nisi distinctio optio.','1998-06-11 03:33:06'),
('34','34','34','Ratione et voluptas eveniet consectetur quibusdam explicabo iste. Sed ipsum ullam tenetur placeat quaerat eligendi. Eum ad est occaecati. Eaque aspernatur sint debitis molestiae nostrum aut. Fugiat eaque sit aliquam non est aliquam nisi.','1988-12-09 06:56:31'),
('35','35','35','Deleniti provident corrupti sit modi libero autem ut. Natus aperiam voluptatum magnam et et. Eos voluptatem qui modi.','2006-11-30 04:40:14'),
('36','36','36','Magnam molestiae at accusamus. Quaerat molestiae ea aliquam molestiae voluptatem. Iste quod illum est sit officiis eveniet. Ipsa eum et numquam minus.','2017-01-20 17:54:08'),
('37','37','37','Dolore sunt eos quis sit et ut. Ut voluptatem repellendus optio similique laborum. Dolores sequi quo excepturi praesentium.','1971-09-18 02:48:57'),
('38','38','38','Eveniet eligendi et ut eaque repellat provident ut. Atque eos vero perspiciatis voluptatum. Nemo ipsum est ut nam aut ut et.','1994-05-16 21:04:05'),
('39','39','39','Magni dolorem ut rerum et ducimus molestias. Tenetur autem porro ex voluptates. Quis corrupti ut in velit sequi dolorem. Ex similique aspernatur eius voluptas sit quod.','2018-05-16 21:05:29'),
('40','40','40','Aut tempore modi voluptatem ducimus qui. Officiis totam voluptates dolorem repudiandae. Sed ea laboriosam ut fuga aliquid dolores nulla earum. Ut ea asperiores cupiditate accusantium.','1996-10-08 09:50:17'),
('41','41','41','Id unde et aut. In alias aliquam architecto minus vel. Omnis et et tempora dolor. Magnam similique corporis dolores eum.','1993-04-15 08:43:18'),
('42','42','42','Est sed ad odit laudantium aut expedita et. Sapiente aut earum aspernatur libero. Molestiae in impedit deleniti itaque ipsam et neque. Incidunt officia aut molestiae possimus.','1986-11-22 15:37:49'),
('43','43','43','Sed ut natus eius. Dignissimos quod voluptatem minus quos. Consequatur dolore explicabo voluptas accusantium.','2006-12-30 07:01:27'),
('44','44','44','Vitae blanditiis quod fugiat sequi quas fuga. Ut voluptas hic alias rerum nobis. Temporibus non magnam quaerat facilis assumenda repellendus. Consectetur soluta veritatis incidunt enim sit iste eligendi. Omnis tempora eveniet provident qui vel.','2004-12-12 13:07:00'),
('45','45','45','Velit voluptatem sunt quia autem veniam beatae. A sed inventore veritatis pariatur est. Vitae voluptatem autem qui. Sequi amet dignissimos praesentium quia ut quo mollitia.','1979-10-24 16:05:30'),
('46','46','46','Dolorum in laboriosam iste corrupti dolores aperiam. Quia consequuntur omnis saepe nostrum odit. Voluptas vel animi laboriosam sed. Est quia eos eos odio.','1997-11-28 15:06:35'),
('47','47','47','Ducimus vero nihil ad atque mollitia dolorem et. Est veritatis omnis culpa necessitatibus. Dolor ea modi consequatur.','2014-12-01 06:11:06'),
('48','48','48','Perspiciatis non quia in voluptas aut. Cumque asperiores sunt commodi sequi corrupti est adipisci eaque. Quo quae velit distinctio aut.','1974-11-25 08:54:00'),
('49','49','49','In in quos animi vel consequatur ipsa et. Eos fugiat ut id ut laboriosam illo.','1983-09-11 03:46:05'),
('50','50','50','Est ut facere autem et assumenda modi magni eius. Voluptatem tenetur quia delectus voluptas non similique quisquam modi.','2005-08-22 08:24:04'),
('51','51','51','Molestiae accusamus quos amet. Est sunt deserunt est vero illum sed voluptatem. Eius dolorum aut deleniti nisi quia eos.','1974-07-13 00:54:45'),
('52','52','52','Debitis totam qui saepe. Dolorem sunt hic magni mollitia et. Laudantium dolore numquam ducimus sed aut nam vero quia.','2019-06-02 03:01:12'),
('53','53','53','Quas dicta eaque alias iusto ad. Dignissimos aperiam ut itaque atque sequi. Animi eveniet sunt itaque aut.','1981-11-25 06:05:54'),
('54','54','54','Et qui assumenda deleniti sit quaerat amet et. Eveniet cumque animi esse necessitatibus qui ratione aut.','2008-09-28 11:32:18'),
('55','55','55','Est ut sit consequatur consequatur molestiae ea cumque. Voluptas dolorum ut ut nihil earum. Nulla qui in architecto asperiores suscipit ut.','1990-09-10 23:09:38'),
('56','56','56','Ut fuga corrupti facilis officia soluta ex a. Vero architecto perferendis provident facilis. Voluptatem magnam distinctio modi repellendus numquam ullam quis.','1980-10-12 18:25:50'),
('57','57','57','Sint ducimus eligendi nihil consequuntur et. Voluptatem repellat doloremque est quo. Qui molestias corporis dolorum corporis excepturi aut aut quod. Minus aut quia quia incidunt distinctio aut dolorum.','2003-02-27 00:46:18'),
('58','58','58','Omnis voluptatibus hic voluptate accusamus. Qui consequatur fugit quibusdam voluptatem doloremque minima. Fuga est rerum voluptatem vero ducimus quia. Et quam ipsam facilis totam.','1981-02-23 15:03:05'),
('59','59','59','Rerum non distinctio ea odit laudantium tempore repellat. Delectus enim voluptas possimus et. Sint dolorem tempore dolorem et error et distinctio. Quia magnam labore commodi minima id est.','1979-10-20 14:55:49'),
('60','60','60','Autem expedita qui molestias vero porro fuga dignissimos et. Quis commodi autem exercitationem facilis nobis animi suscipit. Non accusantium repudiandae nihil doloremque excepturi dolores. Dolores ratione placeat debitis quae et quia quia.','2016-10-08 19:13:03'),
('61','61','61','Adipisci temporibus totam voluptatem autem molestiae ea officia. Facere ullam optio et totam.','1993-10-25 19:17:43'),
('62','62','62','Cupiditate distinctio minima ad. At veniam accusamus qui eum. Sed est ullam soluta veniam voluptates. Tenetur et iusto in facere animi corrupti cum.','2015-04-11 22:47:07'),
('63','63','63','Officiis consequatur eveniet sit laudantium ipsum. Recusandae odit voluptatem sit laborum iusto. Aspernatur autem minima et hic cum rerum.','2001-01-29 22:54:24'),
('64','64','64','Vero est tempore est saepe quis. Eius aut ut id fuga. Dicta quidem eveniet quia quos soluta iure eum eius.','2013-04-11 16:16:51'),
('65','65','65','Sunt porro tempora accusantium qui id et. Praesentium enim libero dolorem incidunt.','1991-05-15 21:18:28'),
('66','66','66','Possimus molestiae incidunt dolor iusto ut inventore sit. In voluptatem nobis inventore quod. Dolor quis voluptas deserunt quidem. Aut quisquam sed repellendus facilis harum dolorem et odit.','1988-12-08 07:24:07'),
('67','67','67','Id eum nobis id minima beatae. Possimus sunt libero laboriosam alias dignissimos temporibus. Est repudiandae autem tempore nostrum et corrupti consequuntur laborum.','2002-04-27 03:41:59'),
('68','68','68','Delectus alias maxime quod nemo veritatis. Quia ipsa fugit in itaque ducimus aut. Esse corrupti dolorem quasi. Voluptatem ratione qui id quas est.','2010-07-26 02:18:17'),
('69','69','69','Harum nihil ullam quo maxime qui sequi. Aut mollitia in voluptas voluptas. Facilis libero impedit sapiente aut. Sit reprehenderit explicabo enim.','1997-12-19 17:47:08'),
('70','70','70','Numquam est occaecati quas et ipsum dolorum. Deleniti beatae consequuntur esse quo doloribus et sed. Debitis quia earum non ipsum nostrum pariatur voluptatem.','1993-09-21 15:48:50'),
('71','71','71','Natus rerum id ut a sit sed. Recusandae esse perspiciatis quae ab nostrum ut magni.','1992-10-04 03:11:14'),
('72','72','72','Exercitationem accusantium quia omnis eius voluptas cumque. Quasi natus eius sunt cupiditate ea commodi quo id.','2019-10-05 04:27:28'),
('73','73','73','Quo sed eos voluptatum et repellendus inventore voluptatibus. Molestiae molestiae quia voluptas tempora sunt ut provident. Dolores aliquam exercitationem sed minima. Magni neque quia aut aliquam nemo tempora ut.','1998-11-05 13:07:52'),
('74','74','74','Ex minima nihil optio ex totam. Dolores perspiciatis quam suscipit minus delectus eveniet. Tempora iusto magnam laboriosam doloribus quam aut.','2018-09-09 04:50:25'),
('75','75','75','Ea labore facere velit dolorem est. Placeat at fugit sunt consequatur aut aliquam. Eius veritatis nobis vitae.','1982-08-28 11:13:49'),
('76','76','76','Aut facere eius beatae vitae. Quia reprehenderit inventore molestias eligendi eum sit maxime consequatur. Voluptate porro aut ut rerum officia voluptas vel quaerat.','2008-08-20 12:25:56'),
('77','77','77','Ut rerum quaerat sint occaecati eaque. Suscipit sequi adipisci consectetur similique dignissimos. Molestiae est ipsam ratione quod aut.','1975-01-03 01:25:42'),
('78','78','78','Sit harum nisi fuga. Facilis magni sunt saepe sunt qui illo. Quia adipisci enim labore non in.','1988-11-24 12:07:51'),
('79','79','79','Aut repellendus aut dolor quas nam esse. Dolorem ex nesciunt sunt voluptas fugit soluta. Ut nostrum et dolores ducimus voluptatem totam natus.','2006-05-02 13:44:03'),
('80','80','80','Quod incidunt illum eligendi minus ut. Aut suscipit dolore corrupti magnam. Asperiores aut ipsum mollitia necessitatibus. In ipsam officiis ipsam tempore unde accusantium neque quo.','2009-08-23 22:15:26'),
('81','81','81','Mollitia ab adipisci qui vero recusandae. Cum rerum illo vitae consequatur. Suscipit vero sed ea velit odio deleniti ut.','1971-03-01 12:24:20'),
('82','82','82','Odio est sint eaque exercitationem. Commodi in sint et est sed suscipit unde. Est recusandae sunt qui atque. Neque eum aspernatur odio rerum.','1974-04-15 19:17:06'),
('83','83','83','In aut earum reiciendis ut voluptatum rerum accusamus. Et tempore deserunt id soluta ut. In nihil blanditiis earum harum.','1988-01-01 03:10:55'),
('84','84','84','Dolorum neque recusandae eum ducimus. Aut a quos quia sed sit. Mollitia perspiciatis qui consequatur quia ut. Et adipisci fugiat omnis ipsam laborum.','1996-07-18 03:47:56'),
('85','85','85','Quaerat tempore beatae nostrum vel sit repellendus. Dolorem omnis autem at placeat et. Debitis numquam eos et minima minus suscipit voluptatem. Accusantium amet rerum vitae quia ut ipsum.','2009-10-27 13:56:08'),
('86','86','86','Labore neque dolor non ipsum. Modi quos deserunt optio amet et aut. Ut a et qui reprehenderit qui exercitationem voluptatem.','1998-10-24 15:32:15'),
('87','87','87','Deserunt recusandae quae dolores ipsa vel impedit. Architecto qui in et quia aut ut. Rerum expedita eos aliquid.','1978-05-09 05:01:25'),
('88','88','88','Asperiores quis et aspernatur sint. Sequi culpa nulla neque et.','1994-02-27 03:04:49'),
('89','89','89','Enim velit ut ducimus impedit. Iure aspernatur beatae laborum aut quaerat fugit. Dicta quis repellendus sed et aut qui amet. Eos at et eum facere repellat rerum.','1991-07-03 21:04:40'),
('90','90','90','Non quasi vel itaque. Repellendus nam provident sint vel fugit non dicta. Alias aut possimus qui ea est id.','2003-12-20 18:43:17'),
('91','91','91','Ratione assumenda omnis qui quod debitis sequi et. Voluptatibus aut enim magni. Natus natus accusantium vel ea consequuntur ut. Voluptas aperiam quibusdam adipisci at eum omnis consequuntur.','2011-02-27 07:01:29'),
('92','92','92','Commodi qui sit reprehenderit qui temporibus quia mollitia. Ex ea alias soluta optio. Asperiores aut nihil nihil delectus enim recusandae fugit.','1988-04-16 10:04:28'),
('93','93','93','Beatae voluptatibus omnis velit tempore. Quia harum exercitationem asperiores earum minima. Quaerat corrupti dolores assumenda aut omnis. Occaecati vero totam nihil quis occaecati quisquam.','1992-05-19 13:55:27'),
('94','94','94','Dicta velit aperiam in aut animi ut. Nemo ad est et laboriosam. Velit est praesentium ut incidunt labore beatae.','2019-01-04 01:57:06'),
('95','95','95','Aut iure veniam amet sapiente et laboriosam. Soluta id quas quas maxime aut quae. Voluptatem quaerat est aut molestiae fuga rem vel. Sit dolorem in accusantium ad explicabo.','1982-10-14 07:14:33'),
('96','96','96','Omnis esse recusandae reprehenderit excepturi deserunt dolorem dolor sequi. Sit minima numquam voluptas et non. Nostrum quod architecto fugiat accusamus dicta deserunt.','1978-11-14 19:15:34'),
('97','97','97','Dolor rerum rem possimus dicta dolores. Voluptas id enim ut hic dignissimos cum. Qui repudiandae ad velit sit aut fugiat aut.','1970-08-03 10:23:39'),
('98','98','98','Illo est eum esse voluptatem et animi sint voluptatem. Nam cumque aperiam consequuntur quos excepturi qui qui dolores. Deserunt et nihil est sunt omnis rerum.','2012-09-09 16:55:35'),
('99','99','99','Voluptatem rem quibusdam harum laudantium. Est dolores reiciendis sit explicabo sequi tenetur modi. Nostrum adipisci laudantium aut cupiditate molestiae autem. Quas facere sint tempora culpa.','1973-08-14 22:38:04'),
('100','100','100','Facilis delectus fuga et tempora est voluptatem. Libero sed est accusantium consequuntur. Est dolor expedita rerum. Deserunt molestiae dolorem ut ut similique dolores est.','1989-05-01 10:48:12'); 


DROP TABLE IF EXISTS `photo_albums`;
CREATE TABLE `photo_albums` (
  `id` bigint(20) unsigned NOT NULL AUTO_INCREMENT,
  `name` varchar(255) COLLATE utf8_unicode_ci DEFAULT NULL,
  `user_id` bigint(20) unsigned DEFAULT NULL,
  PRIMARY KEY (`id`),
  UNIQUE KEY `id` (`id`),
  KEY `user_id` (`user_id`),
  CONSTRAINT `photo_albums_ibfk_1` FOREIGN KEY (`user_id`) REFERENCES `users` (`id`)
) ENGINE=InnoDB AUTO_INCREMENT=101 DEFAULT CHARSET=utf8 COLLATE=utf8_unicode_ci;

INSERT INTO `photo_albums` VALUES ('1','consequatur','1'),
('2','et','2'),
('3','neque','3'),
('4','reiciendis','4'),
('5','aliquam','5'),
('6','officia','6'),
('7','aut','7'),
('8','asperiores','8'),
('9','cum','9'),
('10','molestiae','10'),
('11','tempore','11'),
('12','repellat','12'),
('13','expedita','13'),
('14','quae','14'),
('15','doloribus','15'),
('16','ut','16'),
('17','ipsum','17'),
('18','ut','18'),
('19','unde','19'),
('20','animi','20'),
('21','tenetur','21'),
('22','non','22'),
('23','inventore','23'),
('24','sunt','24'),
('25','vitae','25'),
('26','qui','26'),
('27','minima','27'),
('28','et','28'),
('29','eligendi','29'),
('30','beatae','30'),
('31','laborum','31'),
('32','architecto','32'),
('33','numquam','33'),
('34','aut','34'),
('35','iste','35'),
('36','voluptas','36'),
('37','inventore','37'),
('38','fugit','38'),
('39','pariatur','39'),
('40','at','40'),
('41','quaerat','41'),
('42','sint','42'),
('43','sit','43'),
('44','tempore','44'),
('45','quia','45'),
('46','sequi','46'),
('47','nemo','47'),
('48','ut','48'),
('49','tempora','49'),
('50','excepturi','50'),
('51','sed','51'),
('52','eligendi','52'),
('53','alias','53'),
('54','aut','54'),
('55','corrupti','55'),
('56','voluptatem','56'),
('57','quasi','57'),
('58','voluptate','58'),
('59','deleniti','59'),
('60','accusantium','60'),
('61','rerum','61'),
('62','ea','62'),
('63','eaque','63'),
('64','alias','64'),
('65','vel','65'),
('66','labore','66'),
('67','rerum','67'),
('68','est','68'),
('69','harum','69'),
('70','aut','70'),
('71','ducimus','71'),
('72','aliquam','72'),
('73','velit','73'),
('74','voluptatem','74'),
('75','temporibus','75'),
('76','dolores','76'),
('77','magni','77'),
('78','vitae','78'),
('79','autem','79'),
('80','voluptatibus','80'),
('81','aut','81'),
('82','quos','82'),
('83','officia','83'),
('84','fugit','84'),
('85','deleniti','85'),
('86','voluptas','86'),
('87','architecto','87'),
('88','sed','88'),
('89','repellendus','89'),
('90','magni','90'),
('91','officia','91'),
('92','aspernatur','92'),
('93','nostrum','93'),
('94','assumenda','94'),
('95','nihil','95'),
('96','voluptas','96'),
('97','blanditiis','97'),
('98','et','98'),
('99','ut','99'),
('100','veniam','100'); 


DROP TABLE IF EXISTS `photos`;
CREATE TABLE `photos` (
  `id` bigint(20) unsigned NOT NULL AUTO_INCREMENT,
  `album_id` bigint(20) unsigned DEFAULT NULL,
  `media_id` bigint(20) unsigned NOT NULL,
  UNIQUE KEY `id` (`id`),
  KEY `album_id` (`album_id`),
  KEY `media_id` (`media_id`),
  CONSTRAINT `photos_ibfk_1` FOREIGN KEY (`album_id`) REFERENCES `photo_albums` (`id`),
  CONSTRAINT `photos_ibfk_2` FOREIGN KEY (`media_id`) REFERENCES `media` (`id`)
) ENGINE=InnoDB AUTO_INCREMENT=101 DEFAULT CHARSET=utf8 COLLATE=utf8_unicode_ci;

INSERT INTO `photos` VALUES ('1','1','1'),
('2','2','2'),
('3','3','3'),
('4','4','4'),
('5','5','5'),
('6','6','6'),
('7','7','7'),
('8','8','8'),
('9','9','9'),
('10','10','10'),
('11','11','11'),
('12','12','12'),
('13','13','13'),
('14','14','14'),
('15','15','15'),
('16','16','16'),
('17','17','17'),
('18','18','18'),
('19','19','19'),
('20','20','20'),
('21','21','21'),
('22','22','22'),
('23','23','23'),
('24','24','24'),
('25','25','25'),
('26','26','26'),
('27','27','27'),
('28','28','28'),
('29','29','29'),
('30','30','30'),
('31','31','31'),
('32','32','32'),
('33','33','33'),
('34','34','34'),
('35','35','35'),
('36','36','36'),
('37','37','37'),
('38','38','38'),
('39','39','39'),
('40','40','40'),
('41','41','41'),
('42','42','42'),
('43','43','43'),
('44','44','44'),
('45','45','45'),
('46','46','46'),
('47','47','47'),
('48','48','48'),
('49','49','49'),
('50','50','50'),
('51','51','51'),
('52','52','52'),
('53','53','53'),
('54','54','54'),
('55','55','55'),
('56','56','56'),
('57','57','57'),
('58','58','58'),
('59','59','59'),
('60','60','60'),
('61','61','61'),
('62','62','62'),
('63','63','63'),
('64','64','64'),
('65','65','65'),
('66','66','66'),
('67','67','67'),
('68','68','68'),
('69','69','69'),
('70','70','70'),
('71','71','71'),
('72','72','72'),
('73','73','73'),
('74','74','74'),
('75','75','75'),
('76','76','76'),
('77','77','77'),
('78','78','78'),
('79','79','79'),
('80','80','80'),
('81','81','81'),
('82','82','82'),
('83','83','83'),
('84','84','84'),
('85','85','85'),
('86','86','86'),
('87','87','87'),
('88','88','88'),
('89','89','89'),
('90','90','90'),
('91','91','91'),
('92','92','92'),
('93','93','93'),
('94','94','94'),
('95','95','95'),
('96','96','96'),
('97','97','97'),
('98','98','98'),
('99','99','99'),
('100','100','100'); 


DROP TABLE IF EXISTS `profiles`;
CREATE TABLE `profiles` (
  `user_id` bigint(20) unsigned NOT NULL,
  `gender` char(1) COLLATE utf8_unicode_ci DEFAULT NULL,
  `birthday` date DEFAULT NULL,
  `photo_id` bigint(20) unsigned DEFAULT NULL,
  `created_at` datetime DEFAULT current_timestamp(),
  `hometown` varchar(100) COLLATE utf8_unicode_ci DEFAULT NULL,
  UNIQUE KEY `user_id` (`user_id`),
  CONSTRAINT `fk_user_id` FOREIGN KEY (`user_id`) REFERENCES `users` (`id`) ON DELETE NO ACTION ON UPDATE CASCADE
) ENGINE=InnoDB DEFAULT CHARSET=utf8 COLLATE=utf8_unicode_ci;

INSERT INTO `profiles` VALUES ('1',NULL,'1979-04-27','1','1990-06-10 11:22:31',NULL),
('2',NULL,'1976-10-07','2','1972-10-02 09:36:37',NULL),
('3',NULL,'1986-01-23','3','1979-06-20 10:41:58',NULL),
('4',NULL,'2016-10-09','4','2014-01-11 14:00:31',NULL),
('5',NULL,'2013-07-16','5','1976-01-23 17:50:16',NULL),
('6',NULL,'2011-01-02','6','2004-07-11 05:55:07',NULL),
('7',NULL,'2000-05-22','7','1990-04-25 02:13:22',NULL),
('8',NULL,'1972-12-24','8','2003-05-13 17:44:45',NULL),
('9',NULL,'1996-08-04','9','1979-09-09 21:20:53',NULL),
('10',NULL,'2016-04-29','10','1972-01-24 07:11:45',NULL),
('11',NULL,'2017-11-03','11','1996-07-20 01:21:48',NULL),
('12',NULL,'1993-02-08','12','1973-12-10 08:23:54',NULL),
('13',NULL,'2000-03-20','13','2017-12-08 11:37:53',NULL),
('14',NULL,'1996-03-25','14','2002-08-27 12:21:26',NULL),
('15',NULL,'2019-06-30','15','1976-06-13 18:58:00',NULL),
('16',NULL,'1999-09-21','16','1976-11-16 12:34:12',NULL),
('17',NULL,'1987-10-26','17','2017-01-31 01:23:22',NULL),
('18',NULL,'2005-07-09','18','2011-06-04 15:52:29',NULL),
('19',NULL,'1979-04-14','19','2017-12-23 17:33:17',NULL),
('20',NULL,'2007-01-21','20','1974-10-12 08:48:43',NULL),
('21',NULL,'1983-10-16','21','2014-06-22 03:42:15',NULL),
('22',NULL,'1981-04-15','22','1979-05-27 20:59:31',NULL),
('23',NULL,'1986-09-24','23','1975-12-22 10:48:21',NULL),
('24',NULL,'2019-05-17','24','2005-10-22 12:25:44',NULL),
('25',NULL,'2003-09-18','25','2016-12-13 11:28:44',NULL),
('26',NULL,'1979-10-13','26','1989-09-27 15:50:26',NULL),
('27',NULL,'2009-01-03','27','1983-02-14 03:46:08',NULL),
('28',NULL,'2007-10-11','28','2013-04-29 04:37:10',NULL),
('29',NULL,'2009-05-01','29','1973-01-31 05:09:48',NULL),
('30',NULL,'1997-04-15','30','1977-08-19 05:32:11',NULL),
('31',NULL,'2001-01-14','31','1993-05-19 01:29:21',NULL),
('32',NULL,'1985-11-29','32','1973-08-05 18:09:40',NULL),
('33',NULL,'2016-01-26','33','2006-01-05 04:48:11',NULL),
('34',NULL,'1996-03-04','34','1971-01-28 18:18:32',NULL),
('35',NULL,'1992-08-08','35','1991-12-07 21:48:24',NULL),
('36',NULL,'2014-12-18','36','1994-06-04 07:13:02',NULL),
('37',NULL,'1979-03-31','37','1991-12-13 01:04:40',NULL),
('38',NULL,'2020-02-24','38','1990-01-13 13:39:31',NULL),
('39',NULL,'1995-08-09','39','2018-05-30 23:04:49',NULL),
('40',NULL,'1994-06-09','40','1995-08-09 05:06:40',NULL),
('41',NULL,'1987-08-18','41','2010-08-31 05:13:50',NULL),
('42',NULL,'1972-06-16','42','1973-06-26 08:43:54',NULL),
('43',NULL,'1981-09-06','43','1974-05-18 06:02:23',NULL),
('44',NULL,'1997-06-30','44','1979-04-25 05:04:03',NULL),
('45',NULL,'1991-03-15','45','1992-04-26 13:02:21',NULL),
('46',NULL,'1983-05-20','46','1992-12-23 22:44:01',NULL),
('47',NULL,'2006-04-02','47','2012-07-29 08:58:12',NULL),
('48',NULL,'2014-07-02','48','2015-09-10 14:17:31',NULL),
('49',NULL,'2017-02-04','49','2005-11-27 05:34:29',NULL),
('50',NULL,'1996-02-19','50','2011-03-17 11:29:10',NULL),
('51',NULL,'1984-11-02','51','1998-02-07 14:02:44',NULL),
('52',NULL,'2018-05-21','52','1985-02-15 04:44:15',NULL),
('53',NULL,'1994-10-06','53','1977-03-22 02:35:20',NULL),
('54',NULL,'2015-08-21','54','2019-10-19 07:44:52',NULL),
('55',NULL,'1979-12-10','55','2008-02-12 17:50:28',NULL),
('56',NULL,'1980-01-18','56','1992-01-25 03:55:54',NULL),
('57',NULL,'2014-09-16','57','1993-12-25 03:22:57',NULL),
('58',NULL,'2008-12-21','58','2004-08-14 11:27:40',NULL),
('59',NULL,'1997-05-26','59','1998-05-10 05:32:03',NULL),
('60',NULL,'1976-01-04','60','2016-08-24 01:17:14',NULL),
('61',NULL,'1992-02-19','61','1990-06-24 01:59:36',NULL),
('62',NULL,'1971-08-20','62','2002-11-02 14:08:45',NULL),
('63',NULL,'2007-01-27','63','2005-01-07 19:14:56',NULL),
('64',NULL,'1996-06-18','64','1976-01-17 22:43:35',NULL),
('65',NULL,'1972-10-08','65','2008-03-16 23:53:09',NULL),
('66',NULL,'2019-08-11','66','1982-04-03 16:55:07',NULL),
('67',NULL,'2017-08-25','67','2012-06-26 20:59:32',NULL),
('68',NULL,'1973-06-13','68','2006-01-03 23:58:46',NULL),
('69',NULL,'1987-11-22','69','1996-10-05 07:26:50',NULL),
('70',NULL,'1987-02-12','70','1974-04-20 20:04:34',NULL),
('71',NULL,'1973-08-23','71','1976-12-07 17:26:05',NULL),
('72',NULL,'1985-07-16','72','1992-04-02 10:28:35',NULL),
('73',NULL,'2007-04-20','73','1992-04-15 06:25:45',NULL),
('74',NULL,'2015-03-23','74','2019-11-30 23:16:28',NULL),
('75',NULL,'2010-10-16','75','1999-03-08 02:41:20',NULL),
('76',NULL,'2012-12-05','76','2018-01-22 21:43:29',NULL),
('77',NULL,'2006-08-06','77','2007-10-03 08:37:50',NULL),
('78',NULL,'2016-05-09','78','1990-12-21 18:04:20',NULL),
('79',NULL,'1974-06-28','79','1972-02-01 04:14:09',NULL),
('80',NULL,'1994-03-21','80','1988-06-29 18:00:06',NULL),
('81',NULL,'2005-02-06','81','1988-02-26 03:31:28',NULL),
('82',NULL,'1982-03-02','82','1995-07-08 07:27:49',NULL),
('83',NULL,'1974-02-23','83','2009-10-27 07:07:26',NULL),
('84',NULL,'1979-01-29','84','1981-06-28 17:27:28',NULL),
('85',NULL,'1987-02-08','85','2004-06-16 11:32:38',NULL),
('86',NULL,'2014-08-09','86','1978-06-11 23:10:46',NULL),
('87',NULL,'1977-08-30','87','2001-06-02 09:59:25',NULL),
('88',NULL,'2015-02-09','88','2010-12-31 17:05:05',NULL),
('89',NULL,'1992-11-29','89','1987-03-23 23:51:47',NULL),
('90',NULL,'1975-01-11','90','1991-11-08 21:38:25',NULL),
('91',NULL,'2010-06-21','91','2008-06-16 11:00:52',NULL),
('92',NULL,'2014-11-04','92','1991-02-13 12:05:06',NULL),
('93',NULL,'1986-03-29','93','1998-12-01 04:49:01',NULL),
('94',NULL,'1975-01-03','94','1974-06-20 13:50:49',NULL),
('95',NULL,'1984-10-05','95','2012-10-05 22:25:44',NULL),
('96',NULL,'1998-08-14','96','1977-06-13 12:20:51',NULL),
('97',NULL,'1997-08-26','97','1997-07-31 20:32:27',NULL),
('98',NULL,'2012-07-15','98','1976-05-27 23:45:58',NULL),
('99',NULL,'1976-03-10','99','1988-05-15 22:15:56',NULL),
('100',NULL,'1991-10-12','100','1981-08-04 07:02:10',NULL); 


DROP TABLE IF EXISTS `users`;
CREATE TABLE `users` (
  `id` bigint(20) unsigned NOT NULL AUTO_INCREMENT,
  `firstname` varchar(50) COLLATE utf8_unicode_ci DEFAULT NULL,
  `lastname` varchar(50) COLLATE utf8_unicode_ci DEFAULT NULL COMMENT 'Фамиль',
  `email` varchar(120) COLLATE utf8_unicode_ci DEFAULT NULL,
  `password_hash` varchar(100) COLLATE utf8_unicode_ci DEFAULT NULL,
  `phone` bigint(20) unsigned DEFAULT NULL,
  PRIMARY KEY (`id`),
  UNIQUE KEY `email` (`email`),
  UNIQUE KEY `phone` (`phone`),
  KEY `users_firstname_lastname_idx` (`firstname`,`lastname`)
) ENGINE=InnoDB AUTO_INCREMENT=101 DEFAULT CHARSET=utf8 COLLATE=utf8_unicode_ci COMMENT='юзеры';

INSERT INTO `users` VALUES ('1','Anastacio','Stehr','lakin.tillman@example.net','1c09ff684f409050091e92c73e779d980bf8c28a','89767283874'),
('2','Randy','Brakus','wkertzmann@example.org','7827e475ec5c83b076e7fc98f6df1e89a243ad7d','89103551834'),
('3','Lourdes','Miller','madisen.price@example.org','42575c511f78d9043080c982c9063149b52a1151','89496143152'),
('4','Nya','Vandervort','hansen.gayle@example.org','89d4ed4751f02cd36201f36675491bd9d86d5ece','89211992237'),
('5','Jewell','Konopelski','kasey44@example.org','fa1648b262223d52653da3223f3e8d2788cadd8b','89841411772'),
('6','Marianne','Skiles','reed96@example.com','24b3afa6f237951e71748313fa56613ea03f233b','89050272669'),
('7','Kaela','Abshire','webster.schultz@example.net','9e2966f573fc1168147a8d1a99c392847f9978eb','89601066568'),
('8','Roy','Labadie','arno.anderson@example.org','6e682db98ca0cfae8b3aafc0e67d4f5607887340','89459818453'),
('9','Alycia','Kihn','meggie68@example.com','5b0764cd0415bc65fd9998e4afe47c306074378c','89626319387'),
('10','Vincenzo','Morissette','gaylord.irwin@example.com','691b941eaac86f84d614267094db8e7dc751f621','89038172516'),
('11','Dale','O\'Connell','garnet.beer@example.com','876d7cb7ab0ee0995790e4df49038ab3c30ebed2','89017155008'),
('12','Rae','Johns','thegmann@example.net','3aa658a9db8e0e4bcf69e9165769ce24163c9b00','89606348956'),
('13','Jennie','Dach','mueller.zoey@example.net','66767256261c64fbc872f546a93d4433017e8024','89502953492'),
('14','Felicita','Lind','hermina.hahn@example.com','ed7ac2e5dc5ab5bf1569e3ce644d12e7dd7bc19d','89842798867'),
('15','Daniella','Marks','timmy51@example.net','5079fc47bf5828bfa6b2daaec1ff1d29d10a65c3','89176289976'),
('16','Alvah','Rogahn','jennyfer.d\'amore@example.com','a1285dd29b9f981d7e1787fd83ac09577e9e4a3f','89299670577'),
('17','Rebeca','Lockman','adelle.watsica@example.net','705516ac656dd9ef75c92157e9e96b264ec4c291','89928126353'),
('18','Maggie','Brakus','lessie54@example.net','db3ef28fa17f47cffa0688f86e189a78e1f1d486','89130170397'),
('19','Brain','Hilpert','elna.little@example.org','7704ab7458346893db3eb3a7535306508e6be90b','89021272833'),
('20','Sophia','Gutkowski','giovanni54@example.com','4b431d0b5293ecdab6b9b22498ad69226ee0f5e2','89247693137'),
('21','Kameron','Hauck','xshanahan@example.org','dc2823ba127032ba550920323cad53e6d5a3a122','89090232206'),
('22','Odell','Green','micheal93@example.com','7e83869fca8f8abe34b95429656847278658c146','89217209711'),
('23','Quincy','Kiehn','kasey.stehr@example.com','978c730d3d120d20b29f743a8e0efa732926ee8a','89690904924'),
('24','Alanna','Borer','davon86@example.org','30fc620a65c3baf361d1b61c56d90a5e0bc7cd4c','89216339525'),
('25','Kianna','Walker','mwalker@example.com','2a75b5cf22864f9148ae52a7d05ea293a6ae6805','89439757836'),
('26','Emmet','Jast','junior03@example.org','896d1fd5a63a20602d6cbe75c29ce4bec97da423','89127338157'),
('27','Adrain','Gibson','ekshlerin@example.com','431797fb840968e875dec94a2f4e8fdb2e4a547b','89087321830'),
('28','Edmond','Gislason','linwood.stokes@example.com','448fa616b4aec24aaa94c9087f41ef1c61c027f0','89133310636'),
('29','Ubaldo','Dietrich','gcassin@example.com','5ae7013ac1d9dc6c70f83a84c9beb4b2cc5665e8','89127975743'),
('30','Drake','Lynch','ara14@example.org','dc06fe5c1bc27818df69c1a2ded3149f14f36b27','89470657480'),
('31','Suzanne','Hammes','kunze.jensen@example.net','a1edfa8a2e5c81ff88691517cec4271aee60e5d8','89377110984'),
('32','Martin','Williamson','edyth01@example.org','a16183d18c109ddca03431c020d649e9b7caba50','89496905285'),
('33','Jordane','Langworth','iolson@example.net','698ba7140c12cec6f15a7f9e1dd43f2a13bf9cca','89182730209'),
('34','Eliane','Hodkiewicz','schultz.derek@example.com','874437837a913fc5e9f6737abfeab64dec924e80','89201783437'),
('35','Watson','Orn','thiel.zoie@example.com','40c73f82290c6b678d5e9083c747ae45902cdc62','89815340454'),
('36','Madie','Lehner','mgreenholt@example.com','7991b591707c8be35b3acb2108439c6fc3644d06','89760906157'),
('37','Jevon','Bechtelar','hoeger.justyn@example.net','b5681dc8cc447c0e9cdcdc09705b1658c343c530','89955998945'),
('38','Kevon','Ryan','keven54@example.org','d31cc1625f415fba5bac08f8329f56e3239628f3','89547877610'),
('39','Otis','Senger','kerluke.madilyn@example.com','c78641ef908650d8f774759f78670363c80dfb68','89547163323'),
('40','Lesley','Nienow','nia.glover@example.net','4178f54be1ba3f3c52d7eec9857994c41552016d','89778212510'),
('41','Caden','Reinger','issac26@example.com','bf330c56b16c35602ab8060fe599a59f3b71dfc3','89589903302'),
('42','Idell','Beahan','bryce35@example.org','76ee27efe9b4aaf5c99a6910131c3958e6651c61','89220381918'),
('43','Dawson','O\'Reilly','laney.murazik@example.net','d13698ff868a2283384e68fb4d368b914651d0ae','89827995697'),
('44','Gonzalo','Von','xrosenbaum@example.net','94ab5e58af7bc3c2d0a68d75fa02896e30e4f7ad','89887883433'),
('45','Julie','Nitzsche','kayla99@example.net','cc54b57742c495646e7811f85ad36f914214c574','89567186453'),
('46','Enola','Bruen','pluettgen@example.org','ae773a7f6208c76f1545cdff80fd3be0286d5ce9','89895744528'),
('47','Lyric','Funk','simone71@example.com','9c6e749769352bc5fb5afc008cfeab8403566a78','89484301324'),
('48','Marcus','Schaden','raven.bruen@example.net','e810594f4b975c2bdbbc685a1602088f7cf61def','89437337218'),
('49','Leonora','Schaefer','cwisoky@example.com','1c2396a56e8874d65d49d70ac19ee7bc0529c086','89939602636'),
('50','Tremaine','Runte','kutch.terry@example.org','71fc88c6420b9a0f774cb0578aa1769951783d77','89648621648'),
('51','Crystal','Wolf','lue.beier@example.org','29b4df7859e803cd181ca8c4301b5395fb31ffe9','89776581432'),
('52','Francisca','Reichel','eulah.koch@example.net','37319bbd6c1dfe15966209e784779789cd517a4d','89065567078'),
('53','Loma','Cassin','camryn49@example.net','b04ce797fb02d302789494a2a03d5b39d0eb2126','89895501021'),
('54','Beaulah','Boyer','nathaniel30@example.org','457b9cdaf1ab7ba2a2a4d88c4886ffef884df9e6','89782117267'),
('55','Martine','Kling','bveum@example.net','8daa00e364f64ae26dabc61fe78d396b26f6f465','89539064951'),
('56','Bradly','Schmidt','bridie.bruen@example.com','755e5ac5f9a1f97c9b29f92bbff4833585786d97','89005607264'),
('57','Howell','Wolf','zack.haag@example.com','934f6def2c0b654a994fbae0202181b1581ae901','89568034190'),
('58','Chelsey','Carroll','jhessel@example.net','6799bacc24a266926f0e84385d4816fa70ef5611','89481953772'),
('59','Jaclyn','Zieme','mcglynn.judah@example.org','ba3f65544365be0909133034a1c9e30c6b348cc1','89909754587'),
('60','William','Bernier','maxwell04@example.com','60ce29166707a2119533643cde9725af53228774','89201250004'),
('61','Jevon','Flatley','garrett.littel@example.org','8b6d0aa3db6d474d9603bb65e98f4010d9ab9906','89817988594'),
('62','Audrey','Rowe','blick.rocky@example.org','e83da2689f4044fddbc85556d9b11c6428f7e1b0','89515485248'),
('63','Elvera','McGlynn','xmuller@example.net','ac54979ff39479db0832fc9e69823f5641912e7d','89673101217'),
('64','Danielle','Frami','marcos.harris@example.com','6524636797b985f3e4923830a66ab9eeeeca13b4','89326726135'),
('65','Waldo','Schinner','rosie99@example.net','d764a1ae5b4a14cc5cfcdcd494328bf07af1a873','89046209377'),
('66','Elbert','Kulas','xwelch@example.com','17bb4f953e7c1dd23182d1bb2e272a79497e27c7','89950467207'),
('67','Heloise','Daniel','rwisoky@example.org','764db14090e961410a5d09959ebef775cd500730','89529605285'),
('68','Janae','Frami','ibarton@example.org','77aba78cec55e3c6436a7b444b3e50b558719a6b','89277276895'),
('69','Laney','O\'Hara','mertz.lonzo@example.com','cd9ec77a660033820c2583c9d0605e73d90649f7','89414922469'),
('70','Neal','Koss','evie64@example.com','d5f22501624b919717349bb6f23461833523598a','89192729233'),
('71','Laura','Christiansen','botsford.orlando@example.net','89ad5d90aae50eb971c7b6243930607d4f3863f8','89092913597'),
('72','Darlene','Yundt','aschaden@example.net','585aad7c5a3c2e52b24e1e88bce8cdf3b7bacfd4','89454671397'),
('73','Kassandra','Ortiz','zkulas@example.net','81b1a54bb7c987a28db2e528c9f0d8458c21071d','89057150384'),
('74','Gay','Lubowitz','annetta.skiles@example.net','995e2a480fed8876db8f0f47bd19abad3c1679c9','89401846667'),
('75','Chase','Bartell','roxanne.hilpert@example.com','e59f91ecdd00156673a0f91407cda379d377d106','89630654335'),
('76','Prudence','McDermott','casper.nicole@example.org','bac23d9202f1f63e5b5f1b3aa60593fafa424917','89648454667'),
('77','Hildegard','Huels','cronin.hudson@example.net','e9d25ab834c0afc6e01d54ca0fdb64888fe7865b','89986765587'),
('78','Luz','Labadie','hahn.moses@example.net','b49d2d79d7cf263adf5131d70c9450d52d3ec037','89294309619'),
('79','Travon','Smitham','vandervort.jermain@example.org','6939a1e219e34d51a554672019af7b16f48e07bc','89266015901'),
('80','Grayce','Connelly','gilbert78@example.com','b4f11de1ec1d9f33a789a01edf7109c891c6c3bb','89696480415'),
('81','Taylor','Thiel','nfritsch@example.com','f259c9339821ec0383bed6e559a18fb995afa2e0','89733343472'),
('82','Vance','Considine','leilani25@example.org','58a5a1cda7605f403b08887095c564b7116a444c','89295909838'),
('83','Maymie','Bashirian','tressa.bailey@example.com','f4094d864aca08b679059460f0c71f35b41a6fc3','89276232583'),
('84','Marielle','Lindgren','yundt.geovany@example.com','7836bc8a8b0f32845d199672724fab23e0750c36','89477943304'),
('85','Simeon','White','reina.stehr@example.com','6f1509591d3ad130754230782f60dff476a7128a','89748764403'),
('86','Darron','Wisozk','ruecker.justine@example.com','a6d25261e079ad176a8b5b4abc3cd047467a2fec','89065196145'),
('87','Addison','Pacocha','rosenbaum.lesly@example.com','125032ef590ad500606c2ae3e2a4157a7451c721','89358729351'),
('88','Queen','Cronin','catalina16@example.net','99bd2c1cd41e13f6314f5e3a3843f762ad847eab','89348587885'),
('89','Keegan','Mosciski','gorczany.deven@example.net','a54aa83717ab1dde1d8eecdde01ee1b2698cee93','89313214079'),
('90','Dorris','Leuschke','eroob@example.net','fe2b77d068c02a1ee014b88a56865c9f985a5d0d','89959636946'),
('91','Deja','Wintheiser','brown.viva@example.net','dee614921f057fb149dee2378b5bb87a46417e32','89464237954'),
('92','Werner','Cummings','jterry@example.net','869489274227851076d115195ba6dd58ce537ddd','89256096536'),
('93','Trace','Stoltenberg','qmorissette@example.com','22033b5b3a3e963466c7991cebfdb54265e93271','89260504539'),
('94','Barbara','Harber','daugherty.christiana@example.com','6281f81d636f6d8753d762b3179d3ae3833153bf','89981588924'),
('95','Francesca','Crona','joana.monahan@example.com','6f02f17dc88c49ec9dabf013687a008d506988a1','89136572658'),
('96','Nia','Schaden','savanna65@example.net','0f368224b620dd83a385ecc2ef5cb57e5358998b','89828060682'),
('97','Sebastian','Bins','presley37@example.org','3009e83950673aad4ae960b287dc3e0104b7fa3f','89065680780'),
('98','Rick','Langworth','reyes.doyle@example.org','99016a4799470e0d8f942113693ad3b88fbcad16','89000907465'),
('99','Enid','Gislason','mitchell51@example.org','dc892338154c290344e994ce64d8176479a26680','89977919645'),
('100','Hulda','Wiza','emmitt.terry@example.org','fd0928ce2d938511c1014a05a4c899a84b16fc71','89064530497'); 


DROP TABLE IF EXISTS `users_communities`;
CREATE TABLE `users_communities` (
  `user_id` bigint(20) unsigned NOT NULL,
  `community_id` bigint(20) unsigned NOT NULL,
  PRIMARY KEY (`user_id`,`community_id`),
  KEY `community_id` (`community_id`),
  CONSTRAINT `users_communities_ibfk_1` FOREIGN KEY (`user_id`) REFERENCES `users` (`id`),
  CONSTRAINT `users_communities_ibfk_2` FOREIGN KEY (`community_id`) REFERENCES `communities` (`id`)
) ENGINE=InnoDB DEFAULT CHARSET=utf8 COLLATE=utf8_unicode_ci;

INSERT INTO `users_communities` VALUES ('1','1'),
('2','2'),
('3','3'),
('4','4'),
('5','5'),
('6','6'),
('7','7'),
('8','8'),
('9','9'),
('10','10'),
('11','11'),
('12','12'),
('13','13'),
('14','14'),
('15','15'),
('16','16'),
('17','17'),
('18','18'),
('19','19'),
('20','20'),
('21','21'),
('22','22'),
('23','23'),
('24','24'),
('25','25'),
('26','26'),
('27','27'),
('28','28'),
('29','29'),
('30','30'),
('31','31'),
('32','32'),
('33','33'),
('34','34'),
('35','35'),
('36','36'),
('37','37'),
('38','38'),
('39','39'),
('40','40'),
('41','41'),
('42','42'),
('43','43'),
('44','44'),
('45','45'),
('46','46'),
('47','47'),
('48','48'),
('49','49'),
('50','50'),
('51','51'),
('52','52'),
('53','53'),
('54','54'),
('55','55'),
('56','56'),
('57','57'),
('58','58'),
('59','59'),
('60','60'),
('61','61'),
('62','62'),
('63','63'),
('64','64'),
('65','65'),
('66','66'),
('67','67'),
('68','68'),
('69','69'),
('70','70'),
('71','71'),
('72','72'),
('73','73'),
('74','74'),
('75','75'),
('76','76'),
('77','77'),
('78','78'),
('79','79'),
('80','80'),
('81','81'),
('82','82'),
('83','83'),
('84','84'),
('85','85'),
('86','86'),
('87','87'),
('88','88'),
('89','89'),
('90','90'),
('91','91'),
('92','92'),
('93','93'),
('94','94'),
('95','95'),
('96','96'),
('97','97'),
('98','98'),
('99','99'),
('100','100'); 




/*!40101 SET SQL_MODE=@OLD_SQL_MODE */;
/*!40014 SET FOREIGN_KEY_CHECKS=@OLD_FOREIGN_KEY_CHECKS */;
/*!40014 SET UNIQUE_CHECKS=@OLD_UNIQUE_CHECKS */;
/*!40101 SET CHARACTER_SET_CLIENT=@OLD_CHARACTER_SET_CLIENT */;
/*!40101 SET CHARACTER_SET_RESULTS=@OLD_CHARACTER_SET_RESULTS */;
/*!40101 SET COLLATION_CONNECTION=@OLD_COLLATION_CONNECTION */;
/*!40111 SET SQL_NOTES=@OLD_SQL_NOTES */;


-- 2. Написать скрипт, возвращающий список имен (только firstname) пользователей без повторений 
-- в алфавитном порядке

SELECT firstname FROM users ORDER BY firstname ASC 

-- 3. Написать скрипт, отмечающий несовершеннолетних пользователей как неактивных (поле is_active = false). 
-- Предварительно добавить такое поле в таблицу profiles со значением по умолчанию = true (или 1)

ALTER TABLE profiles ADD is_active BOOL DEFAULT 1;
UPDATE profiles SET is_active = 0 WHERE (((YEAR(CURRENT_DATE) - YEAR(birthday)) - 
(DATE_FORMAT(CURRENT_DATE, '%m%d') < DATE_FORMAT(birthday, '%m%d'))) < 18);

-- 4. Написать скрипт, удаляющий сообщения «из будущего» (дата больше сегодняшней)

-- изменяем дату
UPDATE messages SET created_at = '2056-09-21 15:48:50' WHERE created_at < '2000-01-11 00:00:00' 
-- смотрим что получилось
SELECT created_at FROM messages WHERE created_at > current_date() 
-- удаляем сообщения
DELETE FROM messages WHERE created_at > current_date() 


-- 5. Написать название темы курсового проекта (в комментарии)

/*Хочется создать Блог Дневник, в котором пользователь сможет записывать идеи и при желании ими делиться 
 * (что то будет закыто от других пользователей) хранение информации будет в формате текста, фото, 
 * документов .docx, не знаю - много ли это или мало, жду от вас ответа - что убрать или добавить 
*/
