-- MariaDB dump 10.17  Distrib 10.4.15-MariaDB, for Linux (x86_64)
--
-- Host: mysql.hostinger.ro    Database: u574849695_21
-- ------------------------------------------------------
-- Server version	10.4.15-MariaDB-cll-lve

/*!40101 SET @OLD_CHARACTER_SET_CLIENT=@@CHARACTER_SET_CLIENT */;
/*!40101 SET @OLD_CHARACTER_SET_RESULTS=@@CHARACTER_SET_RESULTS */;
/*!40101 SET @OLD_COLLATION_CONNECTION=@@COLLATION_CONNECTION */;
/*!40101 SET NAMES utf8mb4 */;
/*!40103 SET @OLD_TIME_ZONE=@@TIME_ZONE */;
/*!40103 SET TIME_ZONE='+00:00' */;
/*!40014 SET @OLD_UNIQUE_CHECKS=@@UNIQUE_CHECKS, UNIQUE_CHECKS=0 */;
/*!40014 SET @OLD_FOREIGN_KEY_CHECKS=@@FOREIGN_KEY_CHECKS, FOREIGN_KEY_CHECKS=0 */;
/*!40101 SET @OLD_SQL_MODE=@@SQL_MODE, SQL_MODE='NO_AUTO_VALUE_ON_ZERO' */;
/*!40111 SET @OLD_SQL_NOTES=@@SQL_NOTES, SQL_NOTES=0 */;

--
-- Table structure for table `catalogs`
--

DROP TABLE IF EXISTS `catalogs`;
/*!40101 SET @saved_cs_client     = @@character_set_client */;
/*!40101 SET character_set_client = utf8 */;
CREATE TABLE `catalogs` (
  `id` bigint(20) unsigned NOT NULL AUTO_INCREMENT,
  `name` varchar(255) COLLATE utf8mb4_unicode_ci DEFAULT NULL COMMENT 'Название раздела',
  PRIMARY KEY (`id`),
  UNIQUE KEY `unique_name` (`name`(10))
) ENGINE=InnoDB AUTO_INCREMENT=6 DEFAULT CHARSET=utf8mb4 COLLATE=utf8mb4_unicode_ci COMMENT='Разделы интернет-магазина';
/*!40101 SET character_set_client = @saved_cs_client */;

--
-- Dumping data for table `catalogs`
--

LOCK TABLES `catalogs` WRITE;
/*!40000 ALTER TABLE `catalogs` DISABLE KEYS */;
INSERT INTO `catalogs` VALUES (1,'Процессоры'),(2,'Материнские платы'),(3,'Видеокарты'),(4,'Жесткие диски'),(5,'Оперативная память');
/*!40000 ALTER TABLE `catalogs` ENABLE KEYS */;
UNLOCK TABLES;

--
-- Table structure for table `discounts`
--

DROP TABLE IF EXISTS `discounts`;
/*!40101 SET @saved_cs_client     = @@character_set_client */;
/*!40101 SET character_set_client = utf8 */;
CREATE TABLE `discounts` (
  `id` bigint(20) unsigned NOT NULL AUTO_INCREMENT,
  `user_id` int(10) unsigned DEFAULT NULL,
  `product_id` int(10) unsigned DEFAULT NULL,
  `discount` float unsigned DEFAULT NULL COMMENT 'Величина скидки от 0.0 до 1.0',
  `started_at` datetime DEFAULT NULL,
  `finished_at` datetime DEFAULT NULL,
  `created_at` datetime DEFAULT current_timestamp(),
  `updated_at` datetime DEFAULT current_timestamp() ON UPDATE current_timestamp(),
  PRIMARY KEY (`id`),
  KEY `index_of_user_id` (`user_id`),
  KEY `index_of_product_id` (`product_id`)
) ENGINE=InnoDB AUTO_INCREMENT=101 DEFAULT CHARSET=utf8mb4 COLLATE=utf8mb4_unicode_ci COMMENT='Скидки';
/*!40101 SET character_set_client = @saved_cs_client */;

--
-- Dumping data for table `discounts`
--

LOCK TABLES `discounts` WRITE;
/*!40000 ALTER TABLE `discounts` DISABLE KEYS */;
INSERT INTO `discounts` VALUES (1,1,1,7928,'2013-09-04 13:30:23','2011-09-25 04:27:11','1989-04-09 03:59:18','1975-11-22 01:27:20'),(2,2,2,95612900,'2016-06-12 04:11:10','1994-10-03 08:53:10','1999-09-17 04:44:52','1993-09-20 00:00:12'),(3,3,3,0,'2001-02-05 06:34:24','2011-03-24 08:50:47','1983-01-05 19:09:40','1979-06-02 03:34:24'),(4,4,4,607026,'1981-10-18 07:03:35','1989-09-24 19:51:50','1974-03-29 12:58:29','2009-01-04 03:09:09'),(5,5,5,0,'1975-04-26 13:31:57','2006-10-03 11:18:13','2010-05-28 06:00:10','1993-01-03 16:27:23'),(6,6,6,0,'2003-01-03 15:59:58','1986-06-20 02:01:52','1970-07-26 02:46:56','1979-06-06 05:58:46'),(7,1,7,7574,'1997-02-15 21:19:33','2005-07-28 07:19:04','1981-07-24 09:16:48','2010-08-09 06:55:06'),(8,2,1,30564800,'2019-05-19 20:34:39','2006-05-10 11:48:08','2019-06-02 22:36:00','2006-10-01 08:44:37'),(9,3,2,1,'1973-03-04 04:51:18','2017-04-09 01:39:58','1970-12-23 08:24:23','2008-05-05 05:37:55'),(10,4,3,67,'1970-11-27 14:32:22','2015-04-21 20:30:19','2008-07-10 07:04:12','1973-11-16 11:54:16'),(11,5,4,18024600,'1972-09-22 13:39:12','1985-02-05 23:40:23','1987-12-02 00:22:15','2014-05-30 01:38:29'),(12,6,5,3,'1971-02-22 10:01:07','2009-11-01 19:37:10','1982-10-29 13:59:09','1994-12-20 05:11:40'),(13,1,6,592856000,'1991-12-10 01:39:19','1977-04-16 04:13:54','2003-06-18 00:50:10','1979-05-08 23:55:48'),(14,2,7,6,'1998-11-04 02:56:41','1993-02-05 19:05:27','2002-01-18 09:33:19','2009-05-30 02:26:29'),(15,3,1,580054000,'2020-02-15 06:32:06','1989-12-21 17:21:04','2020-02-01 09:58:33','1981-08-21 15:16:07'),(16,4,2,514,'1978-07-13 21:51:40','1984-04-26 08:23:43','2013-01-23 06:12:06','1989-08-30 20:47:30'),(17,5,3,4945,'2002-10-16 23:09:26','2019-12-14 12:37:35','1979-07-09 15:30:39','1984-03-11 22:30:01'),(18,6,4,202709,'1970-03-10 06:05:52','1972-06-02 14:53:55','2020-04-12 14:51:20','2020-08-27 22:30:54'),(19,1,5,983085000,'1975-09-23 11:33:42','1992-05-13 09:45:28','1972-07-07 05:36:12','1974-02-23 02:38:50'),(20,2,6,983259,'2001-09-05 09:31:09','1989-11-29 16:39:14','2014-11-24 13:19:47','2012-11-06 13:20:19'),(21,3,7,7802460,'1978-06-12 03:24:21','1991-05-18 07:07:54','2003-11-11 23:14:38','1991-06-16 11:11:50'),(22,4,1,4,'1980-02-10 21:24:53','2016-02-01 09:19:20','1990-04-15 12:00:13','2000-11-10 14:28:50'),(23,5,2,227,'1991-01-06 16:20:23','2004-05-12 05:19:43','2019-06-10 22:21:49','1985-05-29 17:18:28'),(24,6,3,0,'2007-08-28 21:11:39','1980-04-27 05:49:39','2017-01-05 02:35:38','2010-06-22 10:47:22'),(25,1,4,613621,'1976-03-24 13:00:11','2001-11-10 12:11:41','1996-08-04 09:58:56','1971-07-11 07:13:53'),(26,2,5,23670400,'2017-05-10 09:22:42','1980-10-27 01:40:32','2004-08-30 22:55:01','1978-10-25 12:22:01'),(27,3,6,68,'1980-03-12 20:01:36','1971-05-21 19:57:46','2016-12-30 09:32:09','2018-08-29 19:57:47'),(28,4,7,0,'2011-05-25 07:31:45','2003-05-26 03:59:12','1978-09-15 06:49:54','1971-03-09 00:04:51'),(29,5,1,711590000,'1975-11-15 10:48:12','1997-05-25 21:12:24','1987-08-30 23:55:42','1993-07-29 00:49:16'),(30,6,2,5804,'2002-02-06 21:40:51','1997-09-22 06:44:03','1987-10-14 02:24:29','2006-06-22 21:12:51'),(31,1,3,194201,'1971-03-31 09:20:34','1993-05-14 06:15:14','2009-09-24 09:02:06','2004-12-09 21:28:06'),(32,2,4,0,'1990-07-26 11:36:37','2012-11-19 06:55:29','2019-10-11 21:38:09','2018-10-26 15:36:39'),(33,3,5,10626,'2009-05-02 00:14:52','2010-02-04 11:53:49','1986-02-14 08:35:54','1981-08-08 23:27:55'),(34,4,6,2919620,'2012-11-24 03:51:05','2006-06-05 07:49:32','1983-04-29 00:06:35','1998-05-04 08:24:31'),(35,5,7,0,'1979-06-06 20:12:15','1985-12-31 11:22:43','1972-04-07 09:15:25','2000-10-27 08:50:17'),(36,6,1,1,'1995-09-14 08:17:44','1984-09-27 13:50:59','2015-12-25 13:02:20','2000-03-18 08:44:28'),(37,1,2,767540000,'1992-08-15 09:03:30','1998-01-08 04:05:25','1992-05-07 11:56:29','1982-09-18 12:37:06'),(38,2,3,7194090,'2015-06-17 13:27:58','2006-08-19 10:13:38','1985-04-13 17:43:35','2018-05-21 13:17:41'),(39,3,4,781,'1981-05-21 18:36:10','1985-11-19 11:08:48','2009-09-20 01:10:45','1997-07-26 14:02:46'),(40,4,5,996,'1996-04-11 19:14:37','1994-01-11 01:47:54','1997-01-30 08:18:29','2005-12-02 05:04:29'),(41,5,6,15596700,'1993-10-31 00:21:15','2017-09-27 09:46:13','1996-10-03 06:59:55','2014-05-07 18:42:04'),(42,6,7,800464000,'1989-03-03 22:50:14','1980-07-07 23:47:39','1997-06-09 05:29:23','2010-03-15 07:58:35'),(43,1,1,4529,'1994-07-20 17:10:59','1997-09-10 14:14:35','1975-04-23 00:46:57','1993-10-12 17:12:18'),(44,2,2,740536,'1988-11-01 02:21:51','1970-09-16 16:55:52','1997-06-23 18:56:55','1982-02-05 09:45:43'),(45,3,3,963,'1998-11-26 23:33:59','1986-11-13 10:32:08','2018-04-07 22:04:37','1976-09-28 15:55:59'),(46,4,4,352,'1970-02-16 09:43:35','1991-10-03 12:28:27','2020-01-22 11:58:03','1972-03-18 23:54:24'),(47,5,5,401,'1971-02-20 17:08:39','1981-02-09 10:44:06','1979-12-31 07:14:17','2020-05-10 23:42:16'),(48,6,6,9860,'2007-12-20 06:20:49','1994-04-30 02:23:17','1971-01-13 20:58:41','2011-07-19 19:03:36'),(49,1,7,50358900,'1993-03-19 05:39:24','1981-01-01 13:48:31','2012-05-29 00:35:01','2006-04-19 10:14:39'),(50,2,1,6237,'1990-03-18 15:20:43','1986-06-07 20:04:27','1978-09-05 20:04:03','2005-12-18 23:28:55'),(51,3,2,95386100,'2003-01-03 14:58:24','2019-05-05 07:45:08','1976-09-10 01:22:57','1976-09-22 03:53:11'),(52,4,3,148,'1973-11-18 09:16:24','2014-11-05 16:56:36','1976-11-17 18:15:36','1972-03-01 21:22:58'),(53,5,4,42389700,'2017-07-18 04:10:44','1994-09-21 17:53:42','2018-02-15 05:27:26','1990-03-13 23:25:40'),(54,6,5,7314790,'2019-08-11 02:56:47','1996-05-08 10:20:03','1990-04-18 00:59:35','1993-06-04 23:32:12'),(55,1,6,883,'1997-08-18 14:11:20','2014-09-10 20:27:34','1994-02-22 00:48:49','2006-06-01 03:08:16'),(56,2,7,0,'1993-02-09 23:25:01','1996-11-29 00:38:42','1995-04-09 16:28:03','1980-08-06 09:03:00'),(57,3,1,1931,'1985-09-23 22:46:48','2009-03-10 08:15:52','2012-01-29 02:17:19','2008-08-25 06:04:59'),(58,4,2,18893,'2020-09-25 03:32:41','1980-06-22 05:26:23','1996-07-31 04:38:51','2004-12-17 23:15:26'),(59,5,3,982,'2008-11-05 01:13:46','2020-07-03 21:05:07','2016-12-10 02:35:03','2015-09-23 14:18:57'),(60,6,4,61,'1993-05-28 01:59:04','2020-11-04 01:57:48','2006-05-19 00:39:38','2016-09-29 04:09:57'),(61,1,5,86384,'1979-03-09 15:41:37','1985-11-01 19:53:23','2015-04-17 14:28:46','1992-10-10 12:46:45'),(62,2,6,6552770,'1987-02-23 06:37:35','1993-05-14 02:01:17','2006-08-10 06:40:29','1983-07-23 08:51:22'),(63,3,7,92,'2019-01-17 23:25:51','2015-09-26 08:39:14','2007-01-19 16:22:48','1978-05-23 02:46:43'),(64,4,1,25293,'2017-09-20 02:12:08','1996-05-21 07:25:14','2000-02-08 08:49:14','1977-03-22 16:01:42'),(65,5,2,95,'2014-09-16 12:22:52','2008-04-01 17:23:50','2020-06-10 07:28:44','1971-07-16 20:22:40'),(66,6,3,0,'2020-07-08 22:22:38','1993-11-16 03:34:54','1970-05-06 20:47:55','1976-08-01 01:35:43'),(67,1,4,408,'1983-03-17 04:18:29','2000-02-23 11:02:02','1979-04-30 23:37:09','1984-06-10 10:41:47'),(68,2,5,0,'1975-11-27 05:54:35','1972-05-03 11:51:57','1997-01-27 06:23:16','2005-11-22 15:21:48'),(69,3,6,3149160,'1990-09-16 23:18:59','1975-06-29 13:56:30','2000-05-21 17:09:03','1988-07-10 20:18:02'),(70,4,7,1850,'1980-09-12 00:30:51','2014-03-27 06:02:03','2012-11-11 18:03:37','2004-02-06 16:05:53'),(71,5,1,971694000,'1985-09-25 11:21:25','1975-03-02 05:19:49','1995-04-17 17:36:18','1988-03-19 10:40:21'),(72,6,2,4514040,'2019-10-10 23:51:46','2010-02-01 05:23:53','2013-07-07 19:08:11','1992-11-01 20:34:31'),(73,1,3,0,'1984-11-16 17:38:41','1993-05-19 11:45:04','1990-10-03 18:16:18','2012-03-15 14:24:43'),(74,2,4,2848,'1986-12-28 13:36:43','1992-12-07 08:30:51','2010-04-12 00:26:02','2004-03-04 06:29:29'),(75,3,5,1,'1987-08-13 18:20:27','1994-12-26 02:18:08','1990-06-09 14:04:56','1971-06-07 22:12:35'),(76,4,6,54,'1999-08-02 19:28:35','2003-04-16 00:46:37','1979-05-28 23:58:55','1980-08-28 01:26:47'),(77,5,7,8233630,'2017-12-02 19:33:09','1978-12-16 19:53:01','2008-06-29 04:19:30','1997-05-06 06:52:15'),(78,6,1,7071,'1972-06-29 17:12:59','2016-03-25 06:26:53','2008-06-09 05:20:27','1988-06-06 17:11:43'),(79,1,2,47703300,'1995-04-15 11:52:48','1977-12-21 20:50:29','1970-03-14 18:28:07','1995-02-27 12:57:40'),(80,2,3,6,'1973-08-31 12:55:16','1983-09-24 00:11:03','2012-09-09 14:35:26','1998-12-29 03:59:22'),(81,3,4,0,'1970-11-28 11:44:44','1985-08-14 09:42:33','1997-08-06 04:34:04','1970-04-05 07:41:34'),(82,4,5,41238700,'2004-08-25 19:03:49','2011-12-05 04:50:52','1987-06-26 03:59:34','2003-10-20 17:33:42'),(83,5,6,535,'1973-01-30 08:05:43','1991-12-03 06:51:12','1999-12-10 21:50:47','1988-08-13 02:01:19'),(84,6,7,33,'1975-09-05 12:51:05','1992-02-26 19:17:00','1975-10-12 23:33:28','1986-07-11 02:56:30'),(85,1,1,0,'2019-08-12 08:01:23','2012-06-25 22:16:30','2011-04-26 16:19:40','2007-01-31 04:59:48'),(86,2,2,45748,'2003-07-07 07:01:33','1993-04-20 09:50:45','2016-10-26 21:31:01','1981-10-22 02:25:28'),(87,3,3,886,'2018-06-24 06:31:57','1983-05-17 14:15:18','1979-11-21 09:42:39','1993-11-12 07:21:10'),(88,4,4,93,'1992-06-06 09:22:23','1982-08-13 08:06:29','1986-07-28 10:12:52','1975-01-27 11:39:10'),(89,5,5,1277710,'1993-09-18 13:13:41','1984-09-12 14:25:43','1982-12-09 08:44:58','2013-10-06 01:36:30'),(90,6,6,70,'1971-01-13 00:09:37','1982-09-29 15:38:23','1991-08-19 04:28:44','1978-04-15 11:35:35'),(91,1,7,78609,'1986-12-19 15:38:04','1998-03-25 17:39:37','1996-01-30 02:12:13','1975-06-18 05:10:44'),(92,2,1,57,'1971-08-25 02:55:55','1971-06-06 02:12:11','1980-02-18 05:38:15','2000-09-26 02:10:40'),(93,3,2,574279000,'1983-07-17 21:52:12','1990-09-18 16:09:08','1974-05-30 21:42:36','1985-05-14 13:06:32'),(94,4,3,5,'2004-06-28 11:49:09','2017-12-23 21:12:14','2015-05-12 20:33:55','1985-03-02 01:56:05'),(95,5,4,2,'1990-08-07 17:37:28','1970-11-10 04:45:53','2017-10-16 01:48:29','2018-03-14 19:30:25'),(96,6,5,6,'2011-12-04 05:52:56','1981-02-02 19:29:51','2014-07-03 02:51:26','1996-08-29 01:31:10'),(97,1,6,89575600,'1970-05-20 09:45:36','2005-09-08 14:12:30','2003-08-14 22:55:29','1989-08-14 18:18:26'),(98,2,7,589498000,'1985-01-07 09:41:26','1982-09-01 10:47:53','1995-11-10 17:48:07','2006-01-21 14:27:45'),(99,3,1,8169200,'1995-09-08 00:30:00','2015-01-28 12:38:20','2012-03-28 18:56:34','1991-03-28 23:49:19'),(100,4,2,3134130,'1983-06-30 13:52:55','1970-12-09 17:11:36','2005-05-20 02:22:22','2010-02-21 21:15:08');
/*!40000 ALTER TABLE `discounts` ENABLE KEYS */;
UNLOCK TABLES;

--
-- Table structure for table `orders`
--

DROP TABLE IF EXISTS `orders`;
/*!40101 SET @saved_cs_client     = @@character_set_client */;
/*!40101 SET character_set_client = utf8 */;
CREATE TABLE `orders` (
  `id` bigint(20) unsigned NOT NULL AUTO_INCREMENT,
  `user_id` int(10) unsigned DEFAULT NULL,
  `created_at` datetime DEFAULT current_timestamp(),
  `updated_at` datetime DEFAULT current_timestamp() ON UPDATE current_timestamp(),
  PRIMARY KEY (`id`),
  KEY `index_of_user_id` (`user_id`)
) ENGINE=InnoDB AUTO_INCREMENT=101 DEFAULT CHARSET=utf8mb4 COLLATE=utf8mb4_unicode_ci COMMENT='Заказы';
/*!40101 SET character_set_client = @saved_cs_client */;

--
-- Dumping data for table `orders`
--

LOCK TABLES `orders` WRITE;
/*!40000 ALTER TABLE `orders` DISABLE KEYS */;
INSERT INTO `orders` VALUES (1,1,'2006-08-23 02:56:22','2018-11-23 05:25:23'),(2,2,'1978-06-09 05:50:56','1996-04-20 09:50:17'),(3,3,'1974-11-21 01:18:48','1986-08-08 08:54:09'),(4,4,'1993-09-25 01:06:56','1986-07-27 21:16:00'),(5,5,'1977-09-26 18:03:23','2016-03-25 02:26:28'),(6,6,'1983-10-06 03:58:43','2013-11-26 19:11:16'),(7,1,'1976-08-09 00:36:11','2015-07-14 23:09:21'),(8,2,'1970-01-31 10:43:13','2016-11-21 00:55:05'),(9,3,'1990-04-06 21:00:20','2009-01-15 02:55:21'),(10,4,'2017-03-02 03:37:18','1970-02-24 18:43:25'),(11,5,'1980-12-19 04:11:53','2008-06-22 04:47:13'),(12,6,'1984-10-14 02:04:59','2015-11-02 10:58:34'),(13,1,'2005-02-27 16:51:44','2005-02-24 20:07:02'),(14,2,'2008-04-04 00:22:27','1975-10-17 15:12:43'),(15,3,'2003-09-21 22:52:46','2002-10-08 03:23:10'),(16,4,'1989-11-17 20:31:07','2015-08-09 01:28:50'),(17,5,'1987-06-26 15:13:27','1982-06-01 14:52:01'),(18,6,'2020-06-01 19:40:18','1991-10-30 06:32:57'),(19,1,'2000-06-24 03:59:42','2019-06-27 03:31:36'),(20,2,'2012-01-20 03:48:16','1974-07-13 17:57:14'),(21,3,'1971-11-04 21:49:59','1981-04-23 03:30:18'),(22,4,'1974-06-02 10:22:26','1971-01-09 21:14:39'),(23,5,'1972-02-20 20:00:06','2008-05-06 17:08:31'),(24,6,'1991-04-10 05:22:02','2000-05-24 14:47:03'),(25,1,'2003-01-09 02:25:33','2011-10-24 16:46:57'),(26,2,'1982-01-08 08:01:41','1981-12-13 02:46:29'),(27,3,'1992-07-19 23:08:50','1986-10-10 03:12:19'),(28,4,'1987-05-11 13:00:21','2015-07-25 00:15:56'),(29,5,'1976-12-07 20:26:42','1990-12-27 22:12:15'),(30,6,'2018-02-13 07:22:21','2018-06-01 18:03:54'),(31,1,'1991-06-14 23:26:31','1970-10-17 02:26:14'),(32,2,'1994-10-02 21:11:22','1989-09-18 00:07:15'),(33,3,'1998-06-04 08:59:03','1976-12-13 23:07:45'),(34,4,'2005-04-24 21:57:42','2019-11-20 20:00:03'),(35,5,'1978-03-28 04:12:21','1985-12-23 04:37:14'),(36,6,'2017-06-05 14:16:47','1989-07-08 23:46:44'),(37,1,'2012-12-20 16:55:47','2016-12-25 22:35:13'),(38,2,'1996-07-28 01:48:24','1975-06-26 12:45:59'),(39,3,'1976-11-23 01:22:11','2014-07-30 04:47:56'),(40,4,'2007-09-13 13:22:46','1992-06-30 20:37:22'),(41,5,'1989-04-01 18:25:31','1974-07-01 08:27:57'),(42,6,'1985-08-03 08:53:13','2007-09-22 16:12:39'),(43,1,'1986-10-01 20:36:47','1984-07-05 05:12:20'),(44,2,'1989-03-17 12:53:35','1974-04-30 05:02:50'),(45,3,'2006-09-28 17:57:48','2016-04-24 07:09:35'),(46,4,'1972-07-20 03:39:46','1988-03-15 23:56:50'),(47,5,'2014-08-22 08:53:23','1972-10-14 02:42:34'),(48,6,'2007-12-15 11:31:55','1998-08-26 16:18:57'),(49,1,'2018-08-20 07:18:35','1990-12-29 01:46:19'),(50,2,'1999-03-16 18:14:06','2012-11-01 00:34:23'),(51,3,'1994-04-28 22:51:43','2016-09-01 14:44:05'),(52,4,'2017-03-25 06:56:09','2019-04-23 12:43:08'),(53,5,'1973-06-05 05:42:37','1994-07-08 16:29:57'),(54,6,'1981-05-15 05:36:09','1993-08-06 00:30:40'),(55,1,'1996-04-21 13:08:00','1981-10-19 23:28:45'),(56,2,'1988-08-05 04:01:48','1975-04-18 13:06:55'),(57,3,'2012-08-01 01:38:35','1976-03-21 05:33:27'),(58,4,'1980-02-21 15:12:04','2001-02-12 22:30:48'),(59,5,'1977-09-22 22:30:53','2000-09-27 09:42:02'),(60,6,'1991-01-09 00:59:43','1993-09-19 04:58:56'),(61,1,'1990-11-27 18:53:25','1992-05-23 19:41:45'),(62,2,'1976-08-20 18:46:11','1971-02-12 19:21:04'),(63,3,'1994-12-17 03:18:33','2014-06-06 18:04:46'),(64,4,'1979-03-06 17:13:30','2020-02-03 02:03:59'),(65,5,'1971-01-12 07:17:14','1971-03-23 09:33:39'),(66,6,'1996-09-10 04:45:30','2011-04-20 20:29:14'),(67,1,'2009-02-08 16:09:09','2005-12-01 18:25:10'),(68,2,'2011-10-02 14:45:35','1981-06-11 13:28:35'),(69,3,'1972-09-01 20:00:13','1996-02-12 14:29:07'),(70,4,'1982-12-13 18:40:27','1971-03-04 13:18:20'),(71,5,'1976-08-13 20:41:14','1980-08-29 17:45:58'),(72,6,'2016-12-03 04:53:09','1986-04-30 03:16:15'),(73,1,'1989-02-15 01:46:31','2004-02-16 01:27:38'),(74,2,'2018-05-22 08:29:24','1999-03-03 06:49:09'),(75,3,'1993-04-05 02:43:55','1989-06-09 11:15:41'),(76,4,'2006-02-14 03:22:12','2006-10-23 08:11:32'),(77,5,'1977-01-31 08:01:20','1984-08-29 02:07:46'),(78,6,'1988-10-05 10:24:24','2013-01-10 20:37:58'),(79,1,'2011-04-30 10:09:25','2019-11-09 17:46:07'),(80,2,'2019-12-22 13:07:37','1995-10-20 15:03:08'),(81,3,'1972-12-05 10:15:15','1986-05-10 19:57:36'),(82,4,'1983-12-14 05:37:59','1989-09-24 23:16:35'),(83,5,'1981-08-21 05:06:33','1982-04-25 01:12:20'),(84,6,'1984-08-14 00:05:57','1996-11-10 12:31:19'),(85,1,'2010-03-04 06:37:11','1977-06-26 09:06:38'),(86,2,'2015-08-04 21:27:11','2008-10-06 14:07:19'),(87,3,'1981-08-21 11:13:49','1999-06-28 15:22:42'),(88,4,'2003-02-12 11:55:59','2017-03-14 01:57:25'),(89,5,'1985-04-29 06:24:25','1986-07-02 02:08:56'),(90,6,'1985-07-31 04:54:33','1988-04-07 05:31:28'),(91,1,'2016-05-08 08:36:53','1970-11-22 11:02:21'),(92,2,'1989-01-06 08:43:38','1980-09-29 06:08:57'),(93,3,'2013-01-28 11:09:35','1991-09-21 22:18:10'),(94,4,'1999-01-23 17:59:34','2011-05-20 00:10:24'),(95,5,'1987-01-23 08:44:16','1987-04-16 15:55:55'),(96,6,'1997-07-22 18:15:43','2007-02-15 19:06:21'),(97,1,'2020-06-05 12:15:30','1991-11-27 05:20:12'),(98,2,'1997-08-01 19:27:37','1986-12-23 12:36:11'),(99,3,'1981-03-08 12:36:18','2019-09-19 09:38:37'),(100,4,'2002-07-13 12:35:19','2005-04-22 13:17:30');
/*!40000 ALTER TABLE `orders` ENABLE KEYS */;
UNLOCK TABLES;

--
-- Table structure for table `orders_products`
--

DROP TABLE IF EXISTS `orders_products`;
/*!40101 SET @saved_cs_client     = @@character_set_client */;
/*!40101 SET character_set_client = utf8 */;
CREATE TABLE `orders_products` (
  `id` bigint(20) unsigned NOT NULL AUTO_INCREMENT,
  `order_id` int(10) unsigned DEFAULT NULL,
  `product_id` int(10) unsigned DEFAULT NULL,
  `total` int(10) unsigned DEFAULT 1 COMMENT 'Количество заказанных товарных позиций',
  `created_at` datetime DEFAULT current_timestamp(),
  `updated_at` datetime DEFAULT current_timestamp() ON UPDATE current_timestamp(),
  PRIMARY KEY (`id`)
) ENGINE=InnoDB AUTO_INCREMENT=101 DEFAULT CHARSET=utf8mb4 COLLATE=utf8mb4_unicode_ci COMMENT='Состав заказа';
/*!40101 SET character_set_client = @saved_cs_client */;

--
-- Dumping data for table `orders_products`
--

LOCK TABLES `orders_products` WRITE;
/*!40000 ALTER TABLE `orders_products` DISABLE KEYS */;
INSERT INTO `orders_products` VALUES (1,1,1,1,'2008-09-01 22:35:13','1972-07-11 18:48:29'),(2,2,2,1,'1971-12-05 17:35:11','2017-06-08 05:16:43'),(3,3,3,1,'2004-05-25 22:01:17','2005-04-24 03:27:35'),(4,4,4,1,'1992-02-16 12:11:18','2013-05-21 04:51:56'),(5,5,5,1,'1972-01-23 02:02:00','1976-09-05 10:58:59'),(6,6,6,1,'2017-07-07 21:19:54','1977-06-14 15:30:32'),(7,7,7,1,'1975-02-25 13:34:20','1997-11-21 07:21:43'),(8,8,1,1,'1981-02-01 06:13:07','1978-07-07 05:05:03'),(9,9,2,1,'2018-06-07 22:20:27','2018-10-12 09:31:35'),(10,10,3,1,'1976-03-22 23:45:36','1995-08-26 23:38:08'),(11,11,4,1,'2008-12-17 08:15:43','2019-12-22 17:15:40'),(12,12,5,1,'2019-04-19 07:24:23','1996-02-28 09:53:08'),(13,13,6,1,'1984-11-23 01:57:15','1981-05-07 23:44:43'),(14,14,7,1,'2014-08-19 15:08:50','1989-08-29 13:07:52'),(15,15,1,1,'1992-06-09 19:20:02','2014-05-18 07:32:24'),(16,16,2,1,'1980-09-27 13:36:33','2001-12-27 16:57:53'),(17,17,3,1,'1999-11-18 08:16:29','1997-08-08 22:18:17'),(18,18,4,1,'1993-10-23 22:37:31','1986-08-04 10:29:26'),(19,19,5,1,'2011-10-30 11:36:00','1998-07-31 00:20:27'),(20,20,6,1,'1973-10-25 12:16:35','2018-01-04 11:58:55'),(21,21,7,1,'1998-04-19 21:13:01','1983-11-27 18:57:01'),(22,22,1,1,'1972-03-23 04:26:53','1981-12-15 15:47:59'),(23,23,2,1,'2016-11-14 11:38:56','2020-03-03 05:14:53'),(24,24,3,1,'2019-02-24 10:04:14','1971-04-19 18:24:47'),(25,25,4,1,'1989-08-22 03:15:00','2020-05-12 09:08:38'),(26,26,5,1,'2000-10-10 16:51:25','1975-07-19 19:32:29'),(27,27,6,1,'1974-12-11 02:28:43','2001-12-13 19:49:49'),(28,28,7,1,'1987-01-18 16:57:25','1975-05-19 18:30:47'),(29,29,1,1,'1998-07-12 15:09:23','1998-04-02 20:23:13'),(30,30,2,1,'1991-03-22 07:48:44','1974-01-06 06:55:45'),(31,31,3,1,'2013-12-20 22:15:11','1986-09-18 09:31:29'),(32,32,4,1,'2017-08-02 01:43:55','2002-10-04 05:56:04'),(33,33,5,1,'1988-08-12 05:02:20','2020-09-28 09:38:05'),(34,34,6,1,'1970-04-03 17:50:37','2019-08-06 03:28:42'),(35,35,7,1,'1974-10-21 05:07:16','2000-10-08 22:24:42'),(36,36,1,1,'1991-06-15 14:56:50','1991-01-31 08:45:13'),(37,37,2,1,'2005-09-02 12:23:17','2002-03-09 16:12:52'),(38,38,3,1,'2003-05-07 22:47:18','1987-03-09 18:54:15'),(39,39,4,1,'2005-02-06 06:17:21','2008-01-29 22:54:50'),(40,40,5,1,'2013-05-03 07:03:48','1972-11-19 05:04:05'),(41,41,6,1,'1986-03-26 06:51:29','2017-04-27 20:19:02'),(42,42,7,1,'1985-03-16 09:52:38','2010-11-08 17:53:47'),(43,43,1,1,'2010-10-19 16:52:47','1980-10-13 03:36:49'),(44,44,2,1,'2017-03-24 17:19:24','1979-12-08 02:05:02'),(45,45,3,1,'1972-08-12 23:27:12','1973-04-25 15:13:23'),(46,46,4,1,'1973-03-25 09:05:58','2015-09-15 17:24:04'),(47,47,5,1,'1988-06-12 12:05:41','1997-11-11 21:47:17'),(48,48,6,1,'1984-05-16 00:13:10','2000-09-29 13:23:37'),(49,49,7,1,'2017-12-18 21:48:49','2003-04-07 19:05:49'),(50,50,1,1,'1978-08-02 22:01:19','1986-06-17 12:51:19'),(51,51,2,1,'1981-12-16 10:18:01','1997-05-04 04:02:11'),(52,52,3,1,'2021-01-16 04:32:59','1990-09-22 08:46:41'),(53,53,4,1,'1983-08-26 03:34:26','2008-10-01 05:30:11'),(54,54,5,1,'1978-08-21 02:22:39','2007-12-27 08:07:21'),(55,55,6,1,'2010-05-03 03:56:05','2013-04-17 19:06:18'),(56,56,7,1,'2003-01-28 17:17:09','1983-02-06 15:42:23'),(57,57,1,1,'1975-10-20 16:50:05','1979-06-27 19:52:53'),(58,58,2,1,'1973-06-14 10:05:15','1970-03-27 23:27:27'),(59,59,3,1,'2009-06-17 01:00:27','2015-08-21 00:16:29'),(60,60,4,1,'2004-12-11 17:06:11','1992-12-21 17:56:59'),(61,61,5,1,'2007-01-10 12:18:24','1980-02-17 10:30:08'),(62,62,6,1,'2007-12-01 01:23:19','1980-06-01 09:09:25'),(63,63,7,1,'1989-05-20 03:20:13','1977-03-05 03:56:39'),(64,64,1,1,'1991-05-29 05:28:37','1970-06-11 20:27:07'),(65,65,2,1,'2008-05-30 20:32:19','2012-06-10 07:35:13'),(66,66,3,1,'2011-04-18 14:43:53','2007-10-27 12:05:33'),(67,67,4,1,'2012-06-16 19:01:44','1992-06-14 07:42:35'),(68,68,5,1,'1980-12-07 04:42:52','1990-04-14 21:25:53'),(69,69,6,1,'2009-07-12 15:05:47','2000-10-06 22:33:56'),(70,70,7,1,'2016-11-19 01:25:54','2018-02-01 17:08:08'),(71,71,1,1,'2018-05-11 07:30:21','2011-01-22 05:33:43'),(72,72,2,1,'2013-04-20 20:25:26','1993-06-07 12:11:41'),(73,73,3,1,'1971-07-02 06:22:28','1995-10-30 04:36:04'),(74,74,4,1,'1995-08-17 07:14:50','1979-05-14 06:19:17'),(75,75,5,1,'1979-04-18 16:53:37','1998-06-15 07:21:05'),(76,76,6,1,'1988-11-27 18:56:51','1997-07-02 20:05:14'),(77,77,7,1,'2017-09-28 01:18:45','1987-03-31 03:08:42'),(78,78,1,1,'2008-02-04 03:44:20','2014-07-15 03:39:18'),(79,79,2,1,'2020-10-11 13:55:52','2004-10-26 20:28:47'),(80,80,3,1,'1994-08-20 07:15:38','2000-12-15 02:58:06'),(81,81,4,1,'1975-07-11 10:43:00','2011-01-30 19:50:33'),(82,82,5,1,'1999-02-13 22:41:11','1990-08-02 21:33:39'),(83,83,6,1,'1983-10-19 10:34:40','2000-12-14 17:00:36'),(84,84,7,1,'1986-12-03 10:30:33','1970-06-14 13:47:34'),(85,85,1,1,'2000-10-01 22:32:53','2018-01-23 00:49:33'),(86,86,2,1,'2017-01-23 02:30:33','2003-01-29 00:32:17'),(87,87,3,1,'2001-06-02 20:36:57','2009-10-19 12:04:50'),(88,88,4,1,'2019-09-12 00:35:11','2003-05-12 23:25:41'),(89,89,5,1,'1971-07-28 21:49:22','1976-08-07 10:49:08'),(90,90,6,1,'2006-02-20 01:01:15','1972-02-06 06:59:53'),(91,91,7,1,'2017-07-17 15:42:41','2001-08-20 04:30:53'),(92,92,1,1,'1978-09-11 05:33:12','1989-06-26 05:02:51'),(93,93,2,1,'1977-09-10 00:44:58','2008-05-16 16:37:02'),(94,94,3,1,'1991-03-02 19:48:12','2011-03-19 10:46:10'),(95,95,4,1,'2002-10-27 06:21:21','2019-11-13 06:49:03'),(96,96,5,1,'2007-03-14 22:04:31','2019-07-17 10:21:11'),(97,97,6,1,'2013-04-15 19:18:08','1998-03-25 00:06:45'),(98,98,7,1,'1972-12-04 14:34:23','1994-05-23 08:01:17'),(99,99,1,1,'1976-09-24 00:10:39','1998-07-27 18:01:08'),(100,100,2,1,'2002-08-25 05:08:35','1978-09-07 18:11:10');
/*!40000 ALTER TABLE `orders_products` ENABLE KEYS */;
UNLOCK TABLES;

--
-- Table structure for table `products`
--

DROP TABLE IF EXISTS `products`;
/*!40101 SET @saved_cs_client     = @@character_set_client */;
/*!40101 SET character_set_client = utf8 */;
CREATE TABLE `products` (
  `id` bigint(20) unsigned NOT NULL AUTO_INCREMENT,
  `name` varchar(255) COLLATE utf8mb4_unicode_ci DEFAULT NULL COMMENT 'Название',
  `desription` text COLLATE utf8mb4_unicode_ci DEFAULT NULL COMMENT 'Описание',
  `price` decimal(11,2) DEFAULT NULL COMMENT 'Цена',
  `catalog_id` int(10) unsigned DEFAULT NULL,
  `created_at` datetime DEFAULT current_timestamp(),
  `updated_at` datetime DEFAULT current_timestamp() ON UPDATE current_timestamp(),
  PRIMARY KEY (`id`),
  KEY `index_of_catalog_id` (`catalog_id`)
) ENGINE=InnoDB AUTO_INCREMENT=8 DEFAULT CHARSET=utf8mb4 COLLATE=utf8mb4_unicode_ci COMMENT='Товарные позиции';
/*!40101 SET character_set_client = @saved_cs_client */;

--
-- Dumping data for table `products`
--

LOCK TABLES `products` WRITE;
/*!40000 ALTER TABLE `products` DISABLE KEYS */;
INSERT INTO `products` VALUES (1,'Intel Core i3-8100','Процессор для настольных персональных компьютеров, основанных на платформе Intel.',7890.00,1,'2021-01-17 10:26:00','2021-01-17 10:26:00'),(2,'Intel Core i5-7400','Процессор для настольных персональных компьютеров, основанных на платформе Intel.',12700.00,1,'2021-01-17 10:26:00','2021-01-17 10:26:00'),(3,'AMD FX-8320E','Процессор для настольных персональных компьютеров, основанных на платформе AMD.',4780.00,1,'2021-01-17 10:26:00','2021-01-17 10:26:00'),(4,'AMD FX-8320','Процессор для настольных персональных компьютеров, основанных на платформе AMD.',7120.00,1,'2021-01-17 10:26:00','2021-01-17 10:26:00'),(5,'ASUS ROG MAXIMUS X HERO','Материнская плата ASUS ROG MAXIMUS X HERO, Z370, Socket 1151-V2, DDR4, ATX',19310.00,2,'2021-01-17 10:26:00','2021-01-17 10:26:00'),(6,'Gigabyte H310M S2H','Материнская плата Gigabyte H310M S2H, H310, Socket 1151-V2, DDR4, mATX',4790.00,2,'2021-01-17 10:26:00','2021-01-17 10:26:00'),(7,'MSI B250M GAMING PRO','Материнская плата MSI B250M GAMING PRO, B250, Socket 1151, DDR4, mATX',5060.00,2,'2021-01-17 10:26:00','2021-01-17 10:26:00');
/*!40000 ALTER TABLE `products` ENABLE KEYS */;
UNLOCK TABLES;

--
-- Table structure for table `rubrics`
--

DROP TABLE IF EXISTS `rubrics`;
/*!40101 SET @saved_cs_client     = @@character_set_client */;
/*!40101 SET character_set_client = utf8 */;
CREATE TABLE `rubrics` (
  `id` bigint(20) unsigned NOT NULL AUTO_INCREMENT,
  `name` varchar(255) COLLATE utf8mb4_unicode_ci DEFAULT NULL COMMENT 'Название раздела',
  PRIMARY KEY (`id`)
) ENGINE=InnoDB AUTO_INCREMENT=3 DEFAULT CHARSET=utf8mb4 COLLATE=utf8mb4_unicode_ci COMMENT='Разделы интернет-магазина';
/*!40101 SET character_set_client = @saved_cs_client */;

--
-- Dumping data for table `rubrics`
--

LOCK TABLES `rubrics` WRITE;
/*!40000 ALTER TABLE `rubrics` DISABLE KEYS */;
INSERT INTO `rubrics` VALUES (1,'Видеокарты'),(2,'Память');
/*!40000 ALTER TABLE `rubrics` ENABLE KEYS */;
UNLOCK TABLES;

--
-- Table structure for table `storehouses`
--

DROP TABLE IF EXISTS `storehouses`;
/*!40101 SET @saved_cs_client     = @@character_set_client */;
/*!40101 SET character_set_client = utf8 */;
CREATE TABLE `storehouses` (
  `id` bigint(20) unsigned NOT NULL AUTO_INCREMENT,
  `name` varchar(255) COLLATE utf8mb4_unicode_ci DEFAULT NULL COMMENT 'Название',
  `created_at` datetime DEFAULT current_timestamp(),
  `updated_at` datetime DEFAULT current_timestamp() ON UPDATE current_timestamp(),
  PRIMARY KEY (`id`)
) ENGINE=InnoDB AUTO_INCREMENT=101 DEFAULT CHARSET=utf8mb4 COLLATE=utf8mb4_unicode_ci COMMENT='Склады';
/*!40101 SET character_set_client = @saved_cs_client */;

--
-- Dumping data for table `storehouses`
--

LOCK TABLES `storehouses` WRITE;
/*!40000 ALTER TABLE `storehouses` DISABLE KEYS */;
INSERT INTO `storehouses` VALUES (1,'reprehenderit','1988-05-29 09:55:38','2007-06-08 12:07:50'),(2,'qui','2001-12-04 13:29:59','1992-11-26 08:18:08'),(3,'quo','1975-02-02 08:37:10','2015-07-11 04:20:57'),(4,'qui','1988-04-07 14:51:15','1985-05-18 14:56:40'),(5,'neque','1981-03-05 06:56:27','1990-12-08 12:56:33'),(6,'quis','1985-04-23 04:30:13','2018-10-07 06:54:12'),(7,'ut','2001-08-16 22:57:12','1984-02-15 06:28:55'),(8,'in','2006-12-28 16:14:14','2011-10-21 08:17:23'),(9,'quibusdam','2010-06-17 18:49:42','1988-07-24 02:23:45'),(10,'porro','2003-04-28 04:24:30','2009-02-13 07:25:15'),(11,'ex','1982-10-15 14:58:08','2003-02-04 18:12:03'),(12,'quisquam','1978-09-07 01:40:58','2019-09-04 05:39:01'),(13,'non','2015-11-23 11:25:42','1971-03-30 08:16:50'),(14,'corrupti','1975-02-17 08:23:53','2008-01-17 11:10:26'),(15,'aliquam','1988-08-03 07:22:20','2003-03-09 13:30:54'),(16,'eos','2013-12-08 12:13:42','2018-11-22 09:17:26'),(17,'molestiae','2003-05-06 10:29:41','2007-03-14 15:16:19'),(18,'delectus','1987-02-26 06:48:06','1972-11-01 01:45:37'),(19,'vel','1987-01-11 14:05:30','1990-10-31 13:33:38'),(20,'omnis','1978-06-26 06:08:44','1979-11-16 18:46:21'),(21,'mollitia','2014-05-01 04:00:23','1993-05-16 06:52:26'),(22,'perspiciatis','2017-07-30 14:21:23','1993-04-19 07:48:41'),(23,'sed','2007-10-02 03:30:03','2004-02-10 07:28:17'),(24,'sequi','1993-05-03 08:19:17','1990-11-10 10:07:35'),(25,'nam','1989-02-21 03:03:26','1973-07-31 16:02:06'),(26,'eaque','1975-04-05 12:11:48','2011-08-11 17:04:44'),(27,'reiciendis','1982-10-22 19:26:52','1983-03-31 13:13:28'),(28,'voluptatem','1991-11-05 15:45:10','2013-05-30 23:58:38'),(29,'voluptas','2018-10-16 08:36:50','2017-12-09 08:45:30'),(30,'optio','1983-05-10 19:40:15','1978-02-09 09:10:37'),(31,'assumenda','2016-06-08 22:20:01','1989-05-07 00:23:29'),(32,'illo','2020-03-09 03:32:32','2019-10-19 23:19:17'),(33,'quidem','1998-09-07 04:12:02','2002-04-24 03:58:43'),(34,'quis','1999-05-17 15:41:13','1982-09-12 03:57:45'),(35,'incidunt','1985-04-11 09:05:15','1980-12-20 07:19:32'),(36,'et','2004-08-15 17:56:13','1994-11-17 09:01:00'),(37,'quos','1972-02-10 10:37:31','2011-03-08 10:18:31'),(38,'labore','2006-09-24 02:09:33','1982-03-26 04:04:26'),(39,'quo','2017-12-09 14:48:44','1994-10-16 08:07:05'),(40,'non','1994-01-31 10:25:01','1978-08-10 00:44:46'),(41,'iste','1979-07-09 03:26:59','1972-09-30 17:16:06'),(42,'consequatur','1981-12-01 08:57:28','1979-04-14 19:38:07'),(43,'labore','1982-08-11 07:44:09','1979-01-25 19:56:37'),(44,'beatae','2006-11-01 21:29:56','2007-10-06 01:53:27'),(45,'esse','2013-02-16 02:51:57','1981-10-08 04:58:47'),(46,'et','2012-10-23 03:04:43','1993-02-14 11:07:23'),(47,'esse','1976-11-03 15:12:49','2008-09-15 03:39:14'),(48,'quaerat','1982-01-31 07:18:03','1990-08-03 08:41:13'),(49,'consequuntur','1998-03-07 03:28:25','1994-03-13 03:10:00'),(50,'nihil','1998-11-01 17:33:22','1991-08-14 13:41:13'),(51,'quae','1970-09-29 04:49:54','2017-06-07 09:23:43'),(52,'vitae','1987-09-11 05:17:36','1991-12-03 02:00:03'),(53,'voluptatem','1982-01-19 15:26:12','1980-11-29 03:19:37'),(54,'quibusdam','1992-04-19 20:38:10','1975-05-17 19:44:28'),(55,'voluptatem','2004-10-08 10:53:54','2014-05-06 14:23:19'),(56,'laudantium','1984-05-19 23:23:14','1973-04-20 07:54:13'),(57,'eum','2016-04-04 16:31:30','1985-03-08 21:14:18'),(58,'voluptatem','2011-05-11 04:58:50','1994-10-19 03:52:41'),(59,'in','2003-09-18 20:27:42','2007-09-12 12:33:31'),(60,'minus','2005-12-09 23:45:00','1970-02-25 20:46:07'),(61,'reprehenderit','2001-09-16 21:30:29','1989-11-30 21:55:14'),(62,'libero','1992-11-10 15:39:51','1980-04-06 18:50:43'),(63,'ratione','1990-12-31 21:40:52','1985-02-09 13:12:15'),(64,'sit','1972-12-19 17:16:37','2003-07-08 11:11:15'),(65,'laudantium','2011-05-23 10:48:31','1975-08-20 16:09:01'),(66,'itaque','2008-06-20 18:11:50','2019-10-06 20:30:34'),(67,'voluptates','1974-10-13 09:50:09','1987-04-04 04:49:34'),(68,'ipsam','2005-10-27 22:40:33','1985-04-04 08:27:31'),(69,'molestiae','2017-08-26 20:30:19','1979-01-10 18:54:04'),(70,'eos','1977-02-27 02:43:21','1971-11-26 18:19:03'),(71,'quidem','1988-01-18 04:26:09','1978-12-29 06:01:36'),(72,'voluptatem','1981-12-16 04:03:59','2002-02-15 12:53:17'),(73,'numquam','2005-03-07 01:29:43','2011-03-17 11:32:11'),(74,'quis','1981-02-08 04:39:30','1986-08-04 03:07:36'),(75,'consequuntur','1986-03-21 13:08:54','2012-09-07 05:57:22'),(76,'quae','1995-05-25 20:25:37','1986-10-09 03:38:24'),(77,'vel','2013-01-14 23:08:53','2008-05-02 01:59:56'),(78,'doloremque','1977-01-06 10:39:32','1974-02-05 10:16:35'),(79,'mollitia','2012-01-31 21:18:04','1982-05-13 13:25:01'),(80,'dolorem','1981-02-08 11:03:56','1971-09-23 15:00:43'),(81,'porro','1974-02-16 16:25:19','2016-05-05 01:07:20'),(82,'praesentium','2011-04-11 17:11:23','1974-07-15 20:54:50'),(83,'recusandae','2008-11-24 04:03:17','2019-11-22 18:21:21'),(84,'vitae','1993-04-04 14:26:49','1985-09-13 07:07:01'),(85,'sed','2018-05-05 12:53:30','1974-03-05 22:45:39'),(86,'sit','1996-09-16 15:18:55','1975-05-16 07:59:30'),(87,'eius','2005-02-02 21:39:14','2012-12-28 08:31:16'),(88,'explicabo','1974-09-28 13:43:21','2018-07-31 05:45:09'),(89,'cum','2003-09-12 02:39:46','1994-01-18 19:39:47'),(90,'quo','1992-12-26 17:17:27','2008-05-01 06:11:35'),(91,'fugiat','2010-05-25 09:51:34','2001-03-07 00:16:03'),(92,'in','2005-04-01 02:47:21','1997-09-26 19:19:01'),(93,'soluta','1976-03-17 13:24:00','1997-04-27 09:42:02'),(94,'vero','1972-07-07 09:45:23','2019-09-28 17:43:56'),(95,'omnis','1999-02-10 06:12:29','1990-11-07 18:07:16'),(96,'vero','1991-12-19 00:03:04','2002-09-10 21:36:21'),(97,'est','2019-08-15 17:59:27','1972-05-12 13:24:54'),(98,'quas','1982-01-25 12:41:43','1982-10-01 07:17:49'),(99,'et','1976-10-31 00:03:09','1989-04-03 06:23:30'),(100,'odit','1988-03-29 05:03:31','2007-11-02 13:45:09');
/*!40000 ALTER TABLE `storehouses` ENABLE KEYS */;
UNLOCK TABLES;

--
-- Table structure for table `storehouses_products`
--

DROP TABLE IF EXISTS `storehouses_products`;
/*!40101 SET @saved_cs_client     = @@character_set_client */;
/*!40101 SET character_set_client = utf8 */;
CREATE TABLE `storehouses_products` (
  `id` bigint(20) unsigned NOT NULL AUTO_INCREMENT,
  `storehouse_id` int(10) unsigned DEFAULT NULL,
  `product_id` int(10) unsigned DEFAULT NULL,
  `value` int(10) unsigned DEFAULT NULL COMMENT 'Запас товарной позиции на складе',
  `created_at` datetime DEFAULT current_timestamp(),
  `updated_at` datetime DEFAULT current_timestamp() ON UPDATE current_timestamp(),
  PRIMARY KEY (`id`)
) ENGINE=InnoDB AUTO_INCREMENT=101 DEFAULT CHARSET=utf8mb4 COLLATE=utf8mb4_unicode_ci COMMENT='Запасы на складе';
/*!40101 SET character_set_client = @saved_cs_client */;

--
-- Dumping data for table `storehouses_products`
--

LOCK TABLES `storehouses_products` WRITE;
/*!40000 ALTER TABLE `storehouses_products` DISABLE KEYS */;
INSERT INTO `storehouses_products` VALUES (1,1,1,NULL,'1976-10-05 03:46:37','1976-01-22 09:13:35'),(2,2,2,NULL,'1973-12-19 06:06:13','1972-05-07 19:30:24'),(3,3,3,NULL,'1991-01-31 11:40:53','2015-01-17 00:21:22'),(4,4,4,NULL,'1985-05-28 05:16:32','2000-02-25 02:06:25'),(5,5,5,NULL,'2003-04-16 23:30:37','1992-07-30 17:53:05'),(6,6,6,NULL,'1982-09-22 17:24:01','1973-05-30 07:51:34'),(7,7,7,NULL,'1988-02-23 16:02:47','2009-02-12 08:36:52'),(8,8,1,NULL,'1980-06-10 18:05:25','1999-07-03 03:19:58'),(9,9,2,NULL,'1980-10-28 17:00:48','2001-08-12 18:37:57'),(10,10,3,NULL,'1987-09-10 22:02:15','1989-04-19 17:08:29'),(11,11,4,NULL,'1981-10-10 18:57:06','2007-05-14 11:21:52'),(12,12,5,NULL,'2001-11-14 13:22:34','2019-11-06 15:13:16'),(13,13,6,NULL,'1975-09-24 14:13:14','1996-06-02 23:11:50'),(14,14,7,NULL,'2006-08-07 09:40:53','2011-11-08 21:25:04'),(15,15,1,NULL,'2010-09-25 06:53:53','1991-07-13 09:56:57'),(16,16,2,NULL,'1997-04-01 09:19:56','2019-07-02 17:33:58'),(17,17,3,NULL,'1973-04-02 20:55:44','2006-06-07 15:54:59'),(18,18,4,NULL,'1972-10-23 22:07:01','1977-04-28 10:36:55'),(19,19,5,NULL,'2000-07-09 08:08:41','2000-03-24 11:07:43'),(20,20,6,NULL,'2004-08-27 22:45:00','1970-07-14 14:22:06'),(21,21,7,NULL,'1978-02-19 09:44:14','1998-10-02 14:21:03'),(22,22,1,NULL,'2005-12-21 16:53:01','1978-01-02 18:45:16'),(23,23,2,NULL,'1975-04-11 18:06:26','1983-01-07 06:48:17'),(24,24,3,NULL,'2013-01-27 09:44:31','1971-06-01 15:00:08'),(25,25,4,NULL,'2019-12-28 15:40:04','2000-08-18 11:27:37'),(26,26,5,NULL,'1977-05-30 12:55:52','1993-10-15 07:40:07'),(27,27,6,NULL,'2008-03-06 15:02:55','1979-03-22 08:13:52'),(28,28,7,NULL,'1973-09-02 08:27:24','1989-06-30 10:46:20'),(29,29,1,NULL,'2001-11-23 19:41:54','1971-12-22 20:44:47'),(30,30,2,NULL,'1999-04-19 05:07:17','2007-10-10 18:06:08'),(31,31,3,NULL,'1995-03-28 04:19:32','1995-08-23 00:13:05'),(32,32,4,NULL,'1986-03-24 19:26:46','1993-06-12 23:24:03'),(33,33,5,NULL,'2013-07-09 00:06:29','2015-02-23 07:51:53'),(34,34,6,NULL,'1978-06-23 07:07:04','1993-01-23 14:43:58'),(35,35,7,NULL,'2010-09-08 15:13:39','2007-03-25 23:52:48'),(36,36,1,NULL,'2020-06-17 16:57:39','2019-05-30 07:04:22'),(37,37,2,NULL,'1994-11-28 03:29:24','1989-05-20 02:22:25'),(38,38,3,NULL,'2014-05-10 09:41:51','2018-04-09 14:44:54'),(39,39,4,NULL,'1987-03-31 11:13:29','2012-10-06 15:53:57'),(40,40,5,NULL,'2010-03-08 05:44:04','1978-10-07 15:39:12'),(41,41,6,NULL,'1980-09-10 17:27:40','2009-09-23 22:01:36'),(42,42,7,NULL,'1998-03-22 17:11:34','2009-01-15 03:53:59'),(43,43,1,NULL,'2014-04-04 04:14:34','1995-05-10 22:30:53'),(44,44,2,NULL,'1993-04-16 07:41:53','1982-12-20 08:30:51'),(45,45,3,NULL,'2006-11-29 09:06:17','1975-04-10 04:06:47'),(46,46,4,NULL,'2004-01-16 15:56:17','2005-03-26 02:13:04'),(47,47,5,NULL,'1987-07-01 03:10:25','1992-04-10 15:59:57'),(48,48,6,NULL,'1980-08-24 19:11:33','1989-08-21 11:45:06'),(49,49,7,NULL,'1978-07-15 01:26:53','1979-02-24 10:10:46'),(50,50,1,NULL,'1995-12-12 14:17:20','1979-02-08 08:41:47'),(51,51,2,NULL,'2005-04-22 00:17:02','2004-10-07 07:22:07'),(52,52,3,NULL,'1987-08-05 11:35:05','2016-05-25 18:37:58'),(53,53,4,NULL,'1997-11-04 21:30:30','2004-10-31 09:20:35'),(54,54,5,NULL,'1995-01-20 19:57:24','1991-12-24 00:57:41'),(55,55,6,NULL,'1975-01-04 02:29:07','1991-06-20 16:46:17'),(56,56,7,NULL,'2019-10-08 23:05:27','1983-05-09 13:21:11'),(57,57,1,NULL,'2008-09-12 05:13:36','1977-04-03 00:19:22'),(58,58,2,NULL,'1988-07-04 06:37:52','2002-12-02 17:45:05'),(59,59,3,NULL,'1980-11-01 23:10:01','2007-12-06 03:20:29'),(60,60,4,NULL,'2007-05-23 10:40:06','2010-02-10 12:24:02'),(61,61,5,NULL,'1996-02-04 23:59:35','1992-03-14 09:19:49'),(62,62,6,NULL,'1995-12-29 13:52:09','2009-08-03 10:03:18'),(63,63,7,NULL,'1998-06-27 08:59:45','1991-12-25 05:02:29'),(64,64,1,NULL,'1993-06-14 07:00:39','1993-05-22 13:11:27'),(65,65,2,NULL,'1998-03-12 09:00:27','1987-02-27 08:57:02'),(66,66,3,NULL,'1993-01-28 18:56:38','2013-12-28 07:15:45'),(67,67,4,NULL,'1997-05-12 22:00:01','1985-05-13 19:39:35'),(68,68,5,NULL,'2009-04-02 08:54:15','1980-12-22 18:24:59'),(69,69,6,NULL,'1991-11-15 02:49:32','1980-08-18 20:06:08'),(70,70,7,NULL,'1992-11-10 10:58:03','2019-09-15 13:59:31'),(71,71,1,NULL,'2005-06-14 11:50:57','2018-04-11 05:06:52'),(72,72,2,NULL,'2009-11-10 01:08:55','1981-06-13 03:47:02'),(73,73,3,NULL,'1984-04-23 11:38:33','1996-04-05 05:58:25'),(74,74,4,NULL,'2003-06-04 18:06:30','2017-03-01 17:37:43'),(75,75,5,NULL,'2009-04-24 02:43:43','2003-05-29 05:54:28'),(76,76,6,NULL,'1996-05-13 09:01:15','2020-12-16 03:29:23'),(77,77,7,NULL,'1983-06-18 09:27:05','1983-07-15 11:24:27'),(78,78,1,NULL,'2005-08-18 12:57:52','2017-08-13 18:48:32'),(79,79,2,NULL,'1983-12-22 22:17:38','1991-02-21 12:16:42'),(80,80,3,NULL,'1999-07-12 10:45:59','2013-07-30 17:46:26'),(81,81,4,NULL,'1977-05-29 04:13:33','1997-08-31 02:05:59'),(82,82,5,NULL,'2005-09-26 22:48:39','2003-03-14 06:32:10'),(83,83,6,NULL,'2019-07-06 00:44:31','2017-06-13 15:36:58'),(84,84,7,NULL,'1982-11-30 15:38:27','2000-10-21 13:35:59'),(85,85,1,NULL,'2000-09-05 01:04:09','1982-05-21 04:56:09'),(86,86,2,NULL,'1988-11-30 04:12:56','2012-09-18 17:00:21'),(87,87,3,NULL,'1977-03-02 17:51:08','2007-05-06 11:37:23'),(88,88,4,NULL,'2015-04-15 22:14:32','1997-10-17 01:21:22'),(89,89,5,NULL,'2013-02-22 20:25:21','2011-12-22 11:41:00'),(90,90,6,NULL,'1972-11-06 19:47:54','1991-08-14 06:07:49'),(91,91,7,NULL,'1988-07-11 20:05:08','1992-03-18 23:27:33'),(92,92,1,NULL,'2020-08-15 20:46:20','2015-06-17 00:00:45'),(93,93,2,NULL,'1973-05-03 08:59:04','1973-05-28 23:35:41'),(94,94,3,NULL,'2007-01-02 14:04:14','1992-05-29 12:41:59'),(95,95,4,NULL,'2009-08-11 18:36:52','1973-01-31 14:44:57'),(96,96,5,NULL,'1990-02-14 06:59:35','2019-09-01 12:30:09'),(97,97,6,NULL,'1972-05-31 04:01:33','2005-04-14 05:44:39'),(98,98,7,NULL,'1997-07-18 21:18:20','1991-01-28 03:51:46'),(99,99,1,NULL,'1993-10-21 03:56:30','1995-10-31 03:47:26'),(100,100,2,NULL,'2010-01-17 12:59:59','2004-12-17 01:16:08');
/*!40000 ALTER TABLE `storehouses_products` ENABLE KEYS */;
UNLOCK TABLES;

--
-- Table structure for table `users`
--

DROP TABLE IF EXISTS `users`;
/*!40101 SET @saved_cs_client     = @@character_set_client */;
/*!40101 SET character_set_client = utf8 */;
CREATE TABLE `users` (
  `id` bigint(20) unsigned NOT NULL AUTO_INCREMENT,
  `name` varchar(255) COLLATE utf8mb4_unicode_ci DEFAULT NULL COMMENT 'Имя покупателя',
  `birthday_at` date DEFAULT NULL COMMENT 'Дата рождения',
  `created_at` datetime DEFAULT current_timestamp(),
  `updated_at` datetime DEFAULT current_timestamp() ON UPDATE current_timestamp(),
  PRIMARY KEY (`id`)
) ENGINE=InnoDB AUTO_INCREMENT=7 DEFAULT CHARSET=utf8mb4 COLLATE=utf8mb4_unicode_ci COMMENT='Покупатели';
/*!40101 SET character_set_client = @saved_cs_client */;

--
-- Dumping data for table `users`
--

LOCK TABLES `users` WRITE;
/*!40000 ALTER TABLE `users` DISABLE KEYS */;
INSERT INTO `users` VALUES (1,'Геннадий','1990-10-05','2021-01-17 10:26:00','2021-01-17 10:26:00'),(2,'Наталья','1984-11-12','2021-01-17 10:26:00','2021-01-17 10:26:00'),(3,'Александр','1985-05-20','2021-01-17 10:26:00','2021-01-17 10:26:00'),(4,'Сергей','1988-02-14','2021-01-17 10:26:00','2021-01-17 10:26:00'),(5,'Иван','1998-01-12','2021-01-17 10:26:00','2021-01-17 10:26:00'),(6,'Мария','1992-08-29','2021-01-17 10:26:00','2021-01-17 10:26:00');
/*!40000 ALTER TABLE `users` ENABLE KEYS */;
UNLOCK TABLES;
/*!40103 SET TIME_ZONE=@OLD_TIME_ZONE */;

/*!40101 SET SQL_MODE=@OLD_SQL_MODE */;
/*!40014 SET FOREIGN_KEY_CHECKS=@OLD_FOREIGN_KEY_CHECKS */;
/*!40014 SET UNIQUE_CHECKS=@OLD_UNIQUE_CHECKS */;
/*!40101 SET CHARACTER_SET_CLIENT=@OLD_CHARACTER_SET_CLIENT */;
/*!40101 SET CHARACTER_SET_RESULTS=@OLD_CHARACTER_SET_RESULTS */;
/*!40101 SET COLLATION_CONNECTION=@OLD_COLLATION_CONNECTION */;
/*!40111 SET SQL_NOTES=@OLD_SQL_NOTES */;

-- Dump completed on 2021-01-17 10:26:37
